smiles,label
CC(Cl)(Cl)Cl,1
C(C(Cl)Cl)Cl,1
CN(C)N,1
C(C=CCl)Cl,1
Cc1c(cc(cc1[N+](=O)[O-])[N+](=O)[O-])[N+](=O)[O-],1
c1cc(c(cc1[N+](=O)[O-])[N+](=O)[O-])O,1
c1ccc2cc(ccc2c1)O,1
CC(C)N(=O)=O,1
c1nc2c(nc(nc2n1C3CC(C=C3)CO)N)NC4CC4,1
CC(=O)NCCCS(=O)(=O)O,0
CC1C(C(C(C(O1)OC2C(OC(C(C2O)O)OC3C(OC(C(C3O)O)O)CO)CO)O)O)NC4C=C(C(C(C4O)O)O)CO,1
Cc1c(c2cc(ccc2n1C(=O)c3ccc(cc3)Cl)OC)CC(=O)OCC(=O)O,1
CC(=O)Nc1ccc(cc1)O,1
CC(=O)Nc1nnc(s1)S(=O)(=O)N,0
CC(C)(C#N)O,1
CC(=O)c1ccc2c(c1)N(c3ccccc3S2)CCCN4CCN(CC4)CCO,1
CC(=O)NC(CS)C(=O)O,1
CCC1(CC(c2c(cc3c(c2O)C(=O)c4c(cccc4O)C3=O)C1C(=O)OC)OC5CC(C(C(O5)C)OC6CC(C(C(O6)C)OC7CCC(=O)C(O7)C)O)N(C)C)O,1
c1nc2c(n1COCCO)[nH]c(nc2=O)N,1
COc1ccc(cc1C23CC4CC(C2)CC(C4)C3)c5ccc6cc(ccc6c5)C(=O)O,0
CC(C)(C)C(=O)OCOP(=O)(COCCn1cnc2c1ncnc2N)OCOC(=O)C(C)(C)C,1
COc1ccc(c(c1)OC)C=C2CCCN=C2c3cccnc3,1
CC(CSC(=O)C)C(=O)N1CCCC1C(=O)NC(Cc2ccccc2)C(=O)O,1
CCCSc1ccc2c(c1)[nH]c(n2)NC(=O)OC,1
CC(C)(C)NCC(c1ccc(c(c1)CO)O)O,0
CC1CC2C3C(CC4=CC(=O)C=CC4(C3C(CC2(C1(C(=O)CO)O)C)O)C)Cl,0
C1C2C=CC1C3C2C4(C(=C(C3(C4(Cl)Cl)Cl)Cl)Cl)Cl,1
C(CC(O)(P(=O)(O)O)P(=O)(O)O)CN,1
CCC(=O)N(c1ccccc1)C2(CCN(CC2)CCn3c(=O)n(nn3)CC)COC,0
CN(CCCNC(=O)C1CCCO1)c2nc3cc(c(cc3c(n2)N)OC)OC,1
c1c-2c(=O)ncnc2[nH][nH]1,1
C=CCNc1nc(nc(n1)N2CCN(CC2)C(c3ccc(cc3)F)c4ccc(cc4)F)NCC=C,1
CN(C)CCc1c[nH]c2c1cc(cc2)CS(=O)(=O)N3CCCC3,0
Cc1c(nc[nH]1)CN2CCc3c(c4ccccc4n3C)C2=O,0
CCCN(CCC)C(=O)Cc1c(nc2n1cc(cc2)Cl)c3ccc(cc3)Cl,1
Cc1nnc2n1-c3ccc(cc3C(=NC2)c4ccccc4)Cl,1
CCCCCC(C=CC1C(CC(=O)C1CCCCCCC(=O)O)O)O,1
CN(C)c1nc(nc(n1)N(C)C)N(C)C,1
CC1CN(CCC1(C)c2cccc(c2)O)CC(Cc3ccccc3)C(=O)NCC(=O)O,1
C1C2CC3CC1CC(C2)(C3)N,1
CC[N+](CC)(CCNC(=O)C(=O)NCC[N+](CC)(CC)Cc1ccccc1Cl)Cc2ccccc2Cl,0
Cc1cc(nc(n1)OC(C(=O)O)C(c2ccccc2)(c3ccccc3)OC)C,1
CC(=O)OCC(=O)C12C(CC3C1(CC(C4(C3CCC5=CC(=O)C=CC54C)F)O)C)OC6(O2)CCCC6,0
C(CN)CNCCSP(=O)(O)O,0
C1C(C(C(C(C1NC(=O)C(CCN)O)OC2C(C(C(C(O2)CO)O)N)O)O)OC3C(C(C(C(O3)CN)O)O)O)N,1
c1ccc2c(c1)CCc3ccccc3C2NCCCCCCC(=O)O,1
C(CCC(=O)O)CCN,1
CCC1(CCC(=O)NC1=O)c2ccc(cc2)N,1
c1cc(ccc1C(=O)NCC(=O)O)N,0
C(CC(=O)O)C(=O)CN,1
c1cc(c(cc1N)O)C(=O)O,1
CCCCc1c(c2ccccc2o1)C(=O)c3cc(c(c(c3)I)OCCN(CC)CC)I,1
CC(=O)Nc1ccc(cc1)C=NNC(=S)N,1
CN(C)CCC=C1c2ccccc2CCc3c1cccc3,1
CC(C)c1ccc2c(c1)c(=O)c3cc(c(nc3o2)N)C(=O)O,0
CC(C(=O)O)O,0
CCN(CC)Cc1cc(ccc1O)Nc2ccnc3c2ccc(c3)Cl,1
CN(C)CCN1C(=O)c2cccc3c2c(cc(c3)N)C1=O,1
c1ccc2c(c1)N=C(c3cc(ccc3O2)Cl)N4CCNCC4,1
CC1(C(N2C(S1)C(C2=O)NC(=O)C(c3ccc(cc3)O)N)C(=O)O)C,1
CC1C=CC=CC=CC=CC=CC=CC=CC(CC2C(C(CC(O2)(CC(CC(C(CCC(CC(CC(=O)OC(C(C1O)C)C)O)O)O)O)O)O)O)C(=O)O)OC3C(C(C(C(O3)C)O)N)O,1
CC1(C(N2C(S1)C(C2=O)NC(=O)C(c3ccccc3)N)C(=O)O)C,1
CC(C)CN(CC(C(Cc1ccccc1)NC(=O)OC2CCOC2)O)S(=O)(=O)c3ccc(cc3)N,0
COc1cc(ccc1Nc2c3ccccc3nc4c2cccc4)NS(=O)(=O)C,1
CC(C)(C#N)c1cc(cc(c1)C(C)(C)C#N)Cn2cncn2,1
COc1ccc(cc1)C(=O)N2CCCC2=O,0
COc1ccc(cc1)C2C(=O)c3ccccc3C2=O,0
CCCC(CCC)C(=O)OC1CC2CCC(C1)[N+]2(C)C,0
CN1CCc2cccc-3c2C1Cc4c3c(c(cc4)O)O,0
c1c(cc(c(c1Cl)NC2=NCCN2)Cl)N,0
CC(c1cc(cc(c1)C(F)(F)F)C(F)(F)F)OC2C(N(CCO2)Cc3[nH][nH]c(=O)n3)c4ccc(cc4)F,1
CCN(CC)CCCN(c1ccccc1)C2Cc3ccccc3C2,1
c1cc(ccc1CCCCNCC(c2ccc(c(c2)O)O)O)O,0
CC1CCN(C(C1)C(=O)O)C(=O)C(CCCN=C(N)N)NS(=O)(=O)c2cccc3c2NCC(C3)C,1
CC(=O)Oc1ccccc1C(=O)O,1
CC(C)(C)C(C(=O)NC(Cc1ccccc1)C(CN(Cc2ccc(cc2)c3ccccn3)NC(=O)C(C(C)(C)C)NC(=O)OC)O)NC(=O)OC,1
CC(C)NCC(COc1ccc(cc1)CC(=O)N)O,0
Cc1ccccc1OC(CCNC)c2ccccc2,1
CC(C)c1c(c(c(n1CCC(CC(CC(=O)O)O)O)c2ccc(cc2)F)c3ccccc3)C(=O)Nc4ccccc4,1
c1ccc2c(c1)C(=C(C(=O)C2=O)C3CCC(CC3)c4ccc(cc4)Cl)O,1
C[N+]1(CCc2cc(c(cc2C1Cc3ccc(c(c3)OC)OC)OC)OC)CCC(=O)OCCCCCOC(=O)CC[N+]4(CCc5cc(c(cc5C4Cc6ccc(c(c6)OC)OC)OC)OC)C,0
CCNc1nc(nc(n1)Cl)NC(C)C,1
CN1C2CCC1CC(C2)OC(=O)C(CO)c3ccccc3,0
c1nc(nc(=O)n1C2C(C(C(O2)CO)O)O)N,1
CN1CCC(=C2c3ccccc3CCc4c2nccc4)CC1,0
Cn1cnc(c1Sc2c3c(nc[nH]3)ncn2)N(=O)=O,1
C(CCCC(=O)O)CCCC(=O)O,0
CN1CCCC(CC1)n2c(=O)c3ccccc3c(n2)Cc4ccc(cc4)Cl,0
CCC1C(C(C(N(CC(CC(C(C(C(C(C(=O)O1)C)OC2CC(C(C(O2)C)O)(C)OC)C)OC3C(C(CC(O3)C)N(C)C)O)(C)O)C)C)C)O)(C)O,1
CC1(C(N2C(S1)C(C2=O)NC(=O)C(c3ccccc3)NC(=O)N4CCNC4=O)C(=O)O)C,0
CCOC(=O)OC(C)OC(=O)C1C(SC2N1C(=O)C2NC(=O)C(c3ccccc3)N)(C)C,0
c1cc(ccc1C(CC(=O)O)CN)Cl,1
c1cc(ccc1C(=O)NCCC(=O)O)NN=C2C=CC(=O)C(=C2)C(=O)O,0
CCOC(=O)C(CCc1ccccc1)NC2CCc3ccccc3N(C2=O)CC(=O)O,1
Cn1c2ccc(cc2nc1CCCC(=O)O)N(CCCl)CCCl,0
c1ccc(cc1)CC2Nc3cc(c(cc3S(=O)(=O)N2)S(=O)(=O)N)C(F)(F)F,1
c1ccc(cc1)C2=c3c4c(sc3=NC(=O)CN2)CCCC4,1
c1ccc(cc1)C(=O)NC(Cc2ccc(cc2)O)C(=O)Nc3ccc(cc3)C(=O)O,0
CCc1c(c2ccccc2o1)C(=O)c3ccc(cc3)O,1
CCc1c(c2ccccc2o1)C(=O)c3cc(c(c(c3)Br)O)Br,1
CC(=O)C(C(=O)Nc1ccccc1)N=Nc2ccc(cc2Cl)c3ccc(c(c3)Cl)N=NC(C(=O)C)C(=O)Nc4ccccc4,1
CCCCNc1ccc(cc1)C(=O)OCCOCCOCCOCCOCCOCCOCCOCCOCCOC,0
CC(Cc1ccccc1)N(C)Cc2ccccc2,0
CCN(CC)C(=O)C1CN2CCc3cc(c(cc3C2CC1OC(=O)C)OC)OC,0
c1ccc(cc1)CSCC2=NS(=O)(=O)c3cc(c(cc3N2)Cl)S(=O)(=O)N,0
CC(C)COCC(CN(Cc1ccccc1)c2ccccc2)N3CCCC3,1
CC1=C(C(CCC1)(C)C)C=CC(=CC=CC(=CC=CC=C(C)C=CC=C(C)C=CC2=C(CCCC2(C)C)C)C)C,0
C[N+](C)(C)CC(=O)O,0
CNC(=NC)NCc1ccccc1,0
Cc1cc2c(cc1C(=C)c3ccc(cc3)C(=O)O)C(CCC2(C)C)(C)C,1
CC(C)(C(=O)O)Oc1ccc(cc1)CCNC(=O)c2ccc(cc2)Cl,1
CCNC(=O)CCCC=CCC1C(CC(C1C=CC(CCc2ccccc2)O)O)O,1
c1ccc(cc1)C(CCN2CCCCC2)(C3CC4CC3C=C4)O,0
CC(C)NCC(COc1ccc(cc1)COCCOC(C)C)O,1
Cc1ccc(cc1)C(=O)Oc2ccc(cc2OC(=O)c3ccc(cc3)C)C(CNC(C)(C)C)O,0
B(C(CC(C)C)NC(=O)C(Cc1ccccc1)NC(=O)c2cnccn2)(O)O,1
CC[N+](C)(C)Cc1ccccc1Br,0
c1cc(c(c2c1nccn2)Br)NC3=NCCN3,0
CC(C)CC1C(=O)N2CCCC2C3(N1C(=O)C(O3)(C(C)C)NC(=O)C4CN(C5Cc6c7c(cccc7[nH]c6Br)C5=C4)C)O,0
C(Cl)(Cl)Br,1
C(Br)(Br)Br,1
c1ccc(cc1)c2c(c(=O)nc([nH]2)N)Br,1
c1c(c(=O)[nH]c(=O)n1C2CC(C(O2)CO)O)Br,1
CC(C)(C)c1ccc(cc1)CN2CCN(CC2)C(c3ccccc3)c4ccc(cc4)Cl,0
CCCC1OC2CC3C4CCC5=CC(=O)C=CC5(C4C(CC3(C2(O1)C(=O)CO)C)O)C,0
CCCCN1CCCCC1C(=O)Nc2c(cccc2C)C,1
CC(C)(C)C(C)(C1CC23CCC1(C4C25CCN(C3Cc6c5c(c(cc6)O)O4)CC7CC7)OC)O,0
CC(C(=O)c1cccc(c1)Cl)NC(C)(C)C,1
c1cnc(nc1)N2CCN(CC2)CCCCN3C(=O)CC4(CCCC4)CC3=O,0
CS(=O)(=O)OCCCCOS(=O)(=O)C,1
CC(C)(C)c1ccc(cc1)CN(C)Cc2cccc3c2cccc3,0
c1cc(c(c(c1)Cl)SC(CCc2ccc(cc2)Cl)Cn3ccnc3)Cl,0
c1cc2c(cc1O)C34CCCCC3(C(C2)N(CC4)CC5CCC5)O,0
Cn1cnc2c1c(=O)n(c(=O)n2C)C,0
CC(CCCC(C)(C)O)C1CCC2C1(CCCC2=CC=C3CC(CCC3=C)O)C,0
CC(C=CC(C1CC1)O)C2CCC3C2(CCCC3=CC=C4CC(CC(C4=C)O)O)C,0
CC(CCCC(C)(C)O)C1CCC2C1(CCCC2=CC=C3CC(CC(C3=C)O)O)C,0
CC1(C2CCC1(C(=O)C2)C)C,1
CCOc1nc2cccc(c2n1Cc3ccc(cc3)c4ccccc4c5n[nH]nn5)C(=O)OC(C)OC(=O)OC6CCCCC6,1
CCCCCOC(=O)Nc1c(cn(c(=O)n1)C2C(C(C(O2)C)O)O)F,1
C1CCC(=O)NCC1,1
C1C=CCC2C1C(=O)N(C2=O)SC(C(Cl)Cl)(Cl)Cl,1
CC(CS)C(=O)N1CCCC1C(=O)O,1
C[N+](C)(C)CCOC(=O)N,0
c1ccc2c(c1)C=Cc3ccccc3N2C(=O)N,1
CC1(C(N2C(S1)C(C2=O)NC(=O)C(c3ccccc3)C(=O)O)C(=O)O)C,1
CCOC(=O)n1ccn(c1=S)C,1
CN(C)CCOC(c1ccc(cc1)Cl)c2ccccn2,0
CCCCCC(C)(C=CC1C(CC(C1CC=CCCCC(=O)O)O)O)O,0
CCCCNC(=O)NS(=O)(=O)c1ccc(cc1)N,1
CCCC(C)(COC(=O)N)COC(=O)NC(C)C,0
CC(c1ccc2c3cc(ccc3[nH]c2c1)Cl)C(=O)O,1
CC(C)(C)NCC(COc1cccc2c1CCC(=O)N2)O,0
COc1ccccc1OCCNCC(COc2cccc3c2c4ccccc4[nH]3)O,1
CCC(C)CC(C)CCCCCCCCC(=O)NC1CC(C(NC(=O)C2C(CCN2C(=O)C(NC(=O)C(NC(=O)C3CC(CN3C(=O)C(NC1=O)C(C)O)O)C(C(c4ccc(cc4)O)O)O)C(CCN)O)O)NCCN)O,1
c1ccc(cc1)C(C(=O)NC2C3N(C2=O)C(=C(CS3)Cl)C(=O)O)N,1
CC1=C(N2C(C(C2=O)NC(=O)C(c3ccc(cc3)O)N)SC1)C(=O)O,1
Cn1c(nnn1)SCC2=C(N3C(C(C3=O)NC(=O)C(c4ccccc4)O)SC2)C(=O)O,1
Cc1nnc(s1)SCC2=C(N3C(C(C3=O)NC(=O)Cn4cnnn4)SC2)C(=O)O,1
C=CC1=C(N2C(C(C2=O)NC(=O)C(=NO)c3csc(n3)N)SC1)C(=O)O,1
Cc1c(scn1)C=CC2=C(N3C(C(C3=O)NC(=O)C(=NOC)c4csc(n4)N)SC2)C(=O)OCOC(=O)C(C)(C)C,1
C=CC1=C(N2C(C(C2=O)NC(=O)C(=NOCC(=O)O)c3csc(n3)N)SC1)C(=O)O,1
Cn1c(nnn1)SCC2=C(N3C(C(C3=O)NC(=O)C(=NOC)c4csc(n4)N)SC2)C(=O)O,1
Cn1c(nnn1)SCC2=C(N3C(C(C3=O)(NC(=O)CSCC#N)OC)SC2)C(=O)O,1
Cc1c(sc(n1)SCC2=C(N3C(C(C3=O)NC(=O)C(=NOC)c4csc(n4)N)SC2)C(=O)O)CC(=O)O,1
c1ccc(cc1)C(C(=O)NC2C3N(C2=O)C(=C(CS3)CSc4nnnn4CS(=O)(=O)O)C(=O)O)O,1
CCN1CCN(C(=O)C1=O)C(=O)NC(c2ccc(cc2)O)C(=O)NC3C4N(C3=O)C(=C(CS4)CSc5nnnn5C)C(=O)O,1
c1ccc(c(c1)CC(=O)NC2C3N(C2=O)C(=C(CS3)CSc4nnnn4CC(=O)O)C(=O)O)CN,1
CC(=O)OCC1=C(N2C(C(C2=O)NC(=O)C(=NOC)c3csc(n3)N)SC1)C(=O)O,1
Cn1c(nnn1)SCC2=C(N3C(C(C3=O)(NC(=O)C4SC(=C(C(=O)N)C(=O)O)S4)OC)SC2)C(=O)O,1
CN(C)CCn1c(nnn1)SCC2=C(N3C(C(C3=O)NC(=O)Cc4csc(n4)N)SC2)C(=O)O,1
CON=C(c1csc(n1)N)C(=O)NC2C3N(C2=O)C(=C(CS3)C[n+]4cccc5c4CCC5)C(=O)O,1
CC(C)OC(=O)OC(C)OC(=O)C1=C(CSC2N1C(=O)C2NC(=O)C(=NOC)c3csc(n3)N)COC,0
CC=CC1=C(N2C(C(C2=O)NC(=O)C(c3ccc(cc3)O)N)SC1)C(=O)O,1
c1ccc(cc1)C(C(=O)NC2C3N(C2=O)C(=C(CS3)C[n+]4ccc(cc4)C(=O)N)C(=O)O)S(=O)(=O)O,1
CC(C)(C(=O)O)ON=C(c1csc(n1)N)C(=O)NC2C3N(C2=O)C(=C(CS3)C[n+]4ccccc4)C(=O)O,1
c1c(nc(s1)N)C(=CCC(=O)O)C(=O)NC2C3N(C2=O)C(=CCS3)C(=O)O,1
CON=C(c1csc(n1)N)C(=O)NC2C3N(C2=O)C(=CCS3)C(=O)O,1
Cn1c(nc(=O)c(=O)[nH]1)SCC2=C(N3C(C(C3=O)NC(=O)C(=NOC)c4csc(n4)N)SC2)C(=O)O,1
CON=C(c1ccco1)C(=O)NC2C3N(C2=O)C(=C(CS3)COC(=O)N)C(=O)O,1
Cc1ccc(cc1)c2cc(nn2c3ccc(cc3)S(=O)(=O)N)C(F)(F)F,1
CC1=C(N2C(C(C2=O)NC(=O)C(c3ccccc3)N)SC1)C(=O)O,1
CC(=O)OCC1=C(N2C(C(C2=O)NC(=O)Cc3cccs3)SC1)C(=O)O,1
CC(=O)OCC1=C(N2C(C(C2=O)NC(=O)CSc3ccncc3)SC1)C(=O)O,1
CC1=C(N2C(C(C2=O)NC(=O)C(C3=CCC=CC3)N)SC1)C(=O)O,1
CCCCC(C(=O)NC(CC(=O)O)C(=O)NC(Cc1ccccc1)C(=O)N)NC(=O)C(Cc2c[nH]c3c2cccc3)NC(=O)CNC(=O)C(C(C)O)NC(=O)C(Cc4ccc(cc4)OS(=O)(=O)O)N,0
CC1OC2(CN3CCC2CC3)CS1,1
c1cc(ccc1CCCC(=O)O)N(CCCl)CCCl,1
c1cc(ccc1C(C(CO)NC(=O)C(Cl)Cl)O)N(=O)=O,1
c1cc(ccc1CSc2ccc(cc2)Cl)Cl,1
C1(=O)C2(C3(C4(C1(C5(C2(C3(C(C45Cl)(Cl)Cl)Cl)Cl)Cl)Cl)Cl)Cl)Cl,1
CN=C1CN(C(=c2cc(ccc2=N1)Cl)c3ccccc3)O,1
c1cc(ccc1NC(=NC(=NCCCCCCN=C(N)N=C(N)Nc2ccc(cc2)Cl)N)N)Cl,0
C(Cl)(Cl)Cl,1
CCN(CC)CCOC(=O)c1ccc(cc1Cl)N,0
CCN(CC)CCCC(C)Nc1ccnc2c1ccc(c2)Cl,0
c1ccc(cc1)CCl,1
COc1ccc(cc1)C(=C(c2ccc(cc2)OC)Cl)c3ccc(cc3)OC,0
c1cc2c(cc(c(c2nc1)O)Cl)Cl,0
c1cc(ccc1OCC(CO)O)Cl,0
CN(C)CCC(c1ccc(cc1)Cl)c2ccccn2,0
CN(C)CCCN1c2ccccc2Sc3c1cc(cc3)Cl,1
CCCNC(=O)NS(=O)(=O)c1ccc(cc1)Cl,1
CN(C)CCC=C1c2ccccc2Sc3c1cc(cc3)Cl,1
CC1(c2c(ccc(c2C(=C3C1CC4C(C(=O)C(=C(N)O)C(=O)C4(C3=O)O)N(C)C)O)O)Cl)O,1
c1ccc2c(c1)C(=O)NC2(c3ccc(c(c3)S(=O)(=O)N)Cl)O,0
CC(C)(C(=O)NCCS(=O)(=O)O)Oc1ccc(cc1)C(=O)c2ccc(cc2)Cl,0
CC(C)C(=O)OCC(=O)C12C(CC3C1(CC(C4C3CCC5=CC(=O)C=CC45C)O)C)OC(O2)C6CCCCC6,0
c1cn(c(=O)nc1N)CC(CO)OCP(=O)(O)O,0
CC1=C(C(C(=C(N1)C)C(=O)OCC=Cc2ccccc2)c3cccc(c3)N(=O)=O)C(=O)OCCOC,1
c1cc2c(cc1OCCCCc3nnnn3C4CCCCC4)CCC(=O)N2,0
CC(c1cccc2c1cccc2)NCCCc3cccc(c3)C(F)(F)F,0
CCn1c2cc3c(cc2c(=O)c(n1)C(=O)O)OCO3,1
CC(C)(C(=O)O)Oc1ccc(cc1)C2CC2(Cl)Cl,1
c1c2c(cc(c1F)N3CCNCC3)n(cc(c2=O)C(=O)O)C4CC4,1
c1nc2c(nc(nc2n1C3CC(C(O3)CO)O)Cl)N,1
CCC1C(C(C(C(=O)C(CC(C(C(C(C(C(=O)O1)C)OC2CC(C(C(O2)C)O)(C)OC)C)OC3C(C(CC(O3)C)N(C)C)O)(C)OC)C)C)O)(C)O,1
CC(c1ccccc1)(c2ccc(cc2)Cl)OCCC3CCCN3C,0
CCCC(=O)OCOC(=O)C1=C(NC(=C(C1c2cccc(c2Cl)Cl)C(=O)OC)C)C,0
C[N+]12CCC(CC1)C(C2)OC(=O)C(c3ccccc3)(c4ccccc4)O,0
CCCC1CC(N(C1)C)C(=O)NC(C2C(C(C(C(O2)SC)O)O)O)C(C)Cl,1
CC1CC2C3CC(C4=CC(=O)C=CC4(C3(C(CC2(C1C(=O)CO)C)O)Cl)C)F,0
c1nc2c(nc(nc2n1C3C(C(C(O3)CO)O)F)Cl)N,1
CC(C)N=c1cc-2n(c3ccccc3nc2cc1Nc4ccc(cc4)Cl)c5ccc(cc5)Cl,1
CCOC(=O)C(C)(C)Oc1ccc(cc1)Cl,1
Cc1c(c2ccc(cc2n1CC(=O)O)OC)C(=O)c3ccc(cc3)Cl,1
CN(C)CCCN1c2ccccc2CCc3c1cc(cc3)Cl,1
c1ccc(c(c1)C2=NCC(=O)Nc3c2cc(cc3)N(=O)=O)Cl,1
c1cc(c(c(c1)Cl)NC2=NCCN2)Cl,1
COC(=O)C(c1ccccc1Cl)N2CCc3c(ccs3)C2,1
c1ccc(cc1)C2=NC(C(=O)Nc3c2cc(cc3)Cl)C(=O)O,1
c1ccc(cc1)C(c2ccccc2)(c3ccccc3Cl)n4ccnc4,1
COCCCCC(=NOCCN)c1ccc(cc1)Cl,1
CN1CCN(CC1)C2=c3ccccc3=Nc4ccc(cc4N2)Cl,1
CC1=C(C(=O)C(=C(C1=O)OC)OC)CC=C(C)CCC=C(C)CCC=C(C)CCC=C(C)CCC=C(C)CCC=C(C)CCC=C(C)CCC=C(C)CCC=C(C)CCC=C(C)C,1
CC(=O)NC1CCc2cc(c(c(c2-c3c1cc(=O)c(cc3)OC)OC)OC)OC,1
Cc1[nH]c2c(n1)-c3ccccc3N(CC2)C(=O)c4ccc(cc4)NC(=O)c5ccccc5c6ccccc6,0
Cc1ccc(cc1)O,1
c1cc2c(c(c1)OCC(COc3cccc4c3c(=O)cc(o4)C(=O)O)O)c(=O)cc(o2)C(=O)O,0
CCN(c1ccccc1C)C(=O)C=CC,0
Cc1cc2c(cc1C)n(cn2)C3C(C(C(O3)CO)OP(=O)(O)OC(C)CNC(=O)CCC4(C(C5=NC4=C(C6=NC(=CC7=NC(=C(C8=NC5(C(C8CCC(=O)N)(C)CC(=O)N)C)C)C(C7CCC(=O)N)(C)CC(=O)N)C(C6CCC(=O)N)(C)C)C)CC(=O)N)C)O,0
CC1(C(N2C(S1)C(C2=O)NC(=O)C3(CCCCC3)N)C(=O)O)C,0
CN1CCN(CC1)C(c2ccccc2)c3ccccc3,1
CN(C)CCC=C1c2ccccc2C=Cc3c1cccc3,1
CC(=O)Oc1ccc(cc1)C(=C2CCCCC2)c3ccc(cc3)OC(=O)C,1
CN(C)CCOC(=O)C(c1ccccc1)C2(CCCC2)O,0
C1CNP(=O)(OC1)N(CCCl)CCCl,1
C1C(C(=O)NO1)N,1
CCC1C(=O)N(CC(=O)N(C(C(=O)NC(C(=O)N(C(C(=O)NC(C(=O)NC(C(=O)N(C(C(=O)N(C(C(=O)N(C(C(=O)N(C(C(=O)N1)C(C(C)CC=CC)O)C)C(C)C)C)CC(C)C)C)CC(C)C)C)C)C)CC(C)C)C)C(C)C)CC(C)C)C)C,1
c1c2c(cc(c1Cl)S(=O)(=O)N)S(=O)(=O)NC(N2)C3CC4CC3C=C4,0
CN1CCC(=C2c3ccccc3C=Cc4c2cccc4)CC1,1
CC(=O)C1(CCC2C1(CCC3C2C=C(C4=CC(=O)C5CC5C34C)Cl)C)O,1
C(CS)N,1
c1cn(c(=O)nc1N)C2C(C(C(O2)CO)O)O,1
Cc1ccc(c2c1oc-3c(c(=O)c(c(c3n2)C(=O)NC4C(OC(=O)C(N(C(=O)CN(C(=O)C5CCCN5C(=O)C(NC4=O)C(C)C)C)C)C(C)C)C)N)C)C(=O)NC6C(OC(=O)C(N(C(=O)CN(C(=O)C7CCCN7C(=O)C(NC6=O)C(C)C)C)C)C(C)C)C,1
CC12CCC3C(C1CCC2(C#C)O)CCC4=Cc5c(cno5)CC34C,1
Cc1ccccc1N2CCN(CC2)CCc3nnc4n3CCCC4,0
c1cc(ccc1N)S(=O)(=O)c2ccc(cc2)N,1
c1ccc(cc1)C(c2ccccc2)(C3CCN(C3)CCc4ccc5c(c4)CCO5)C(=O)N,0
Cc1cccc(c1NC(=O)c2cnc(s2)Nc3cc(nc(n3)C)N4CCN(CC4)CCO)Cl,1
c1nc(nc(=O)n1C2CC(C(O2)CO)O)N,1
c1cc(ccc1C(=O)O)N2C(=C3C=CC=CC3=O)NC(=C4C=CC=CC4=O)N2,1
Cc1c(c(=O)ccn1C)O,1
CCOC(=O)C(CCc1ccccc1)NC(C)C(=O)N(CC(=O)O)C2Cc3ccccc3C2,1
CC(C)Nc1cccnc1N2CCN(CC2)C(=O)c3cc4cc(ccc4[nH]3)NS(=O)(=O)C,1
CN(CCCCCCCCCCN(C)C(=O)Oc1cccc(c1)[N+](C)(C)C)C(=O)Oc2cccc(c2)[N+](C)(C)C,0
CN(C)C1C2CC3C(c4c(ccc(c4C(=C3C(=O)C2(C(=O)C(=C(N)O)C1=O)O)O)O)Cl)O,1
COc1cc(cc(c1OC)OC)C(=O)OC2CC3CN4CCc5c6ccccc6[nH]c5C4CC3C(C2OC)C(=O)OC,0
CNCCCN1c2ccccc2CCc3c1cccc3,1
CC1C(C(CC(O1)OC2CCC3(C(C2)CCC4C3CC(C5(C4(CCC5C6=CC(=O)OC6)O)C)O)C)O)OC7CC(C(C(O7)C)OC8CC(C(C(O8)C)OC9C(C(C(C(O9)CO)O)O)O)O)O,0
c1cc2c(nc1)C(=C3CCNCC3)c4ccc(cc4CC2)Cl,1
c1ccc(cc1)CC2C(=O)NC(C(=O)NC(C(=O)NC(CSSCCC(=O)NC(C(=O)N2)Cc3ccc(cc3)O)C(=O)N4CCCC4C(=O)NC(CCCN=C(N)N)C(=O)NCC(=O)N)CC(=O)N)CCC(=O)N,0
CC1CC2C3CCC4=CC(=O)C=CC4(C3(C(CC2(C1C(=O)CO)C)O)F)C,0
CN(C)CC(c1ccc(cc1)O)C2(CCCCC2)O,0
CCNC(C)Cc1cccc(c1)C(F)(F)F,1
CC(C)Cc1ccc(cc1)C(C)C(=O)O,1
Cc1c(ccnc1CS(=O)c2[nH]c3ccccc3n2)OCC(F)(F)F,1
Cc1cccc(c1C)C(C)c2cnc[nH]2,0
CC(CN1CC(=O)NC(=O)C1)N2CC(=O)NC(=O)C2,1
C(C1C(C(C(C(O1)OCC2C(C(C(C(O2)OCC(C(C(C(C=O)O)O)O)O)O)O)O)O)O)O)O,1
CN1CCC23CCCCC2C1Cc4c3cc(cc4)OC,0
C(C1C(C(C(C(O1)O)O)O)O)O,0
c1c(cc(c(c1I)Oc2cc(c(c(c2)I)O)I)I)CC(C(=O)O)N,0
CC12CCCCCC(C1N)Cc3c2cc(cc3)O,0
CC(=O)Nc1c(c(c(c(c1I)NC(=O)C)I)C(=O)O)I,0
CN1c2ccc(cc2C(=NCC1=O)c3ccccc3)Cl,1
CCOC(=O)NC1=C(C(=O)C(=C(C1=O)N2CC2)NC(=O)OCC)N3CC3,1
CC1=NS(=O)(=O)c2cc(ccc2N1)Cl,1
CCCCOc1cc(c2ccccc2n1)C(=O)NCCN(CC)CC,0
c1ccc(c(c1)CC(=O)O)Nc2c(cccc2Cl)Cl,1
c1ccc2c(c1)c(=O)c(c(o2)O)Cc3c(=O)c4ccccc4oc3O,0
CCN(CC)CCOC(=O)C1(CCCCC1)C2CCCCC2,0
c1[nH]c2c(c(=O)n1)ncn2C3CCC(O3)CO,1
CC=C(c1ccc(cc1)O)C(=CC)c2ccc(cc2)O,0
CCN(CC)C(=O)N1CCN(CC1)C,0
CCN(CC)C(C)C(=O)c1ccccc1,0
CCC(=C(CC)c1ccc(cc1)O)c2ccc(cc2)O,1
c1cc(c(cc1c2ccc(cc2F)F)C(=O)O)O,1
CCCC(=O)OC1(CCC2C1(CC(C3(C2CC(C4=CC(=O)C=CC43C)F)F)O)C)C(=O)COC(=O)C,0
CC1C(C(CC(O1)OC2C(OC(CC2O)OC3C(OC(CC3O)OC4CCC5(C(C4)CCC6C5CCC7(C6(CCC7C8=CC(=O)OC8)O)C)C)C)C)O)O,0
c1ccc2c(c1)c(nnc2NN)NN,1
CC1(C(=O)N2C(C(=O)N3CCCC3C2(O1)O)Cc4ccccc4)NC(=O)C5CC6c7cccc8c7c(c[nH]8)CC6N(C5)C,0
CC(=O)OC1C(Sc2ccccc2N(C1=O)CCN(C)C)c3ccc(cc3)OC,1
C(C(CS)S)O,0
c1cc(cc(c1)N(=O)=O)N(=O)=O,1
CCCCCC(C=CC1C(CC(C1CC=CCCCC(=O)O)O)O)O,0
CCCCCC(C=CC1C(CC(=O)C1CC=CCCCC(=O)O)O)O,1
C1COCCO1,1
CN(C)CCOC(c1ccccc1)c2ccccc2,0
c1ccc(cc1)C(CCCN2CCCCC2)(c3ccccc3)O,0
c1ccc(cc1)Sc2ccccc2,1
CC(C)(C)C(=O)Oc1ccc(cc1OC(=O)C(C)(C)C)C(CNC)O,0
C1CCN(CC1)c2c3c(c(nc(n3)N(CCO)CCO)N4CCCCC4)nc(n2)N(CCO)CCO,0
c1cc[n+]2c(c1)-c3cccc[n+]3CC2,1
CCC1C(C2C(C(C(CC(C(C(C(C(C(=O)O1)C)OC3CC(C(C(O3)C)O)(C)OC)C)OC4C(C(CC(O4)C)N(C)C)O)(C)O)C)NC(O2)COCCOC)C)(C)O,1
CC(C)N(CCC(c1ccccc1)(c2ccccn2)C(=O)N)C(C)C,1
CCN(CC)C(=S)SSC(=S)N(CC)CC,1
c1cc(c(cc1Cl)Cl)OCCOS(=O)(=O)O,1
CC(CCc1ccc(cc1)O)NCCc2ccc(c(c2)O)O,0
CC1=C2C(C(=O)C3(C(CC4C(C3C(C(C2(C)C)(CC1OC(=O)C(C(c5ccccc5)NC(=O)OC(C)(C)C)O)O)OC(=O)c6ccccc6)(CO4)OC(=O)C)O)C)O,1
CN(CCc1ccc(cc1)NS(=O)(=O)C)CCOc2ccc(cc2)NS(=O)(=O)C,0
c1ccc2c(c1)c(c[nH]2)C(=O)OC3CC4CC5CC(C3)N4CC5=O,1
CC1C2C(C(=O)N2C(=C1SC3CC(NC3)CNS(=O)(=O)N)C(=O)O)C(C)O,1
CCNC1CC(S(=O)(=O)c2c1cc(s2)S(=O)(=O)N)C,0
C[N+]1(CCc2cc(c(c(c2C1Cc3cc(c(c(c3)OC)OC)OC)OC)OC)OC)CCCOC(=O)CCC(=O)OCCC[N+]4(CCc5cc(c(c(c5C4Cc6cc(c(c(c6)OC)OC)OC)OC)OC)OC)C,0
CCN1CC(C(C1=O)(c2ccccc2)c3ccccc3)CCN4CCOCC4,1
COc1cc2c(cc1OC)nc(nc2N)N3CCN(CC3)C(=O)C4COc5ccccc5O4,1
CC(C)C(C)C=CC(C)C1CCC2C1(CCCC2=CC=C3CC(CC(C3=C)O)O)C,0
CC1c2cccc(c2C(=C3C1C(C4C(C(=O)C(=C(N)O)C(=O)C4(C3=O)O)N(C)C)O)O)O,1
CC(c1ccccc1)(c2ccccn2)OCCN(C)C,0
CCC(=C(c1ccc(cc1)OCCN(C)C)c2cccc(c2)O)c3ccccc3,1
CCCCCc1cc(c2c(c1)OC(C3C2C=C(CC3)C)(C)C)O,0
c1ccc2c(c1)[nH]c(=O)n2C3=CCN(CC3)CCCC(=O)c4ccc(cc4)F,0
CCCCOc1ccc(cc1)C(=O)CCN2CCCCC2,0
Cn1c2c(c(=O)n(c1=O)C)n(cn2)CC(CO)O,0
c1cc(ccc1S(=O)(=O)NC=NCCSCc2csc(n2)N=C(N)N)Br,1
CCOP(=O)(OCC)SCC[N+](C)(C)C,0
CCC(Cc1cnc2c(n1)c(nc(n2)N)N)c3ccc(cc3)C(=O)NC(CCC(=O)O)C(=O)O,1
C(CN(CC(=O)O)CC(=O)O)N(CC(=O)O)CC(=O)O,0
C(CC(C(F)F)(C(=O)O)N)CN,0
CN1CCCC1Cc2c[nH]c3c2cc(cc3)CCS(=O)(=O)c4ccccc4,0
Cc1ccc(cc1C)n2c(=O)c(c([nH]2)C)NN=C3C=CC=C(C3=O)c4cccc(c4)C(=O)O,1
CCOCCn1c2ccccc2nc1N3CCCN(CC3)C,1
c1c(c(nc(=O)n1C2CSC(O2)CO)N)F,1
CCOC(=O)C(CCc1ccccc1)NC(C)C(=O)N2CCCC2C(=O)O,1
C(C(OC(F)F)(F)F)(F)Cl,1
CCn1cc(c(=O)c2c1nc(c(c2)F)N3CCNCC3)C(=O)O,1
Cc1c([nH]c(=O)[nH]1)C(=O)c2ccc(cc2)SC,1
CCN(CC)C(=O)C(=Cc1cc(c(c(c1)O)O)N(=O)=O)C#N,1
C=C1C(CC(C1CO)O)n2cnc3c2[nH]c(nc3=O)N,1
CC(=Cc1ccccc1)C=C2C(=O)N(C(=S)S2)CC(=O)O,1
c1ccc2c(c1)Cc3ccccc3N4C2CN=C4N,0
CNCC(c1ccc(c(c1)O)O)O,0
CC12CCC(=O)C=C1CC(C3C24C(O4)CC5(C3CCC56CCC(=O)O6)C)C(=O)OC,1
CCCCCC(C=CC1C(CC2C1CC(=CCCCC(=O)O)O2)O)O,0
CCCCc1ncc(n1Cc2ccc(cc2)C(=O)O)C=C(Cc3cccs3)C(=O)O,0
c1ccc2c(c1)c(c[nH]2)CC3C(=O)N4CCCC4C(=O)NC(CSSCCC(=O)NC(C(=O)NCC(=O)NC(C(=O)N3)CC(=O)O)CCCCN=C(N)N)C(=O)N,0
CCC(C)(C)C1C(=O)N2CCCC2C3(N1C(=O)C(O3)(C(C)C)NC(=O)C4CC5c6cccc7c6c(c[nH]7)CC5N(C4)C)O,0
CC1(C(=O)N2C(C(=O)N3CCCC3C2(O1)O)Cc4ccccc4)NC(=O)C5CN(C6Cc7c[nH]c8c7c(ccc8)C6=C5)C,0
COCCOc1cc2c(cc1OCCOC)ncnc2Nc3cccc(c3)C#C,1
CC1C2C(C(=O)N2C(=C1SC3CC(NC3)C(=O)Nc4cccc(c4)C(=O)O)C(=O)O)C(C)O,1
CCC1C(C(C(C(=O)C(CC(C(C(C(C(C(=O)O1)C)OC2CC(C(C(O2)C)O)(C)OC)C)OC3C(C(CC(O3)C)N(C)C)O)(C)O)C)C)O)(C)O,1
CN(C)CCCC1(c2ccc(cc2CO1)C#N)c3ccc(cc3)F,1
CC(C)NCC(COc1ccc(cc1)CCC(=O)OC)O,0
c1ccc(cc1)C2=NCc3nncn3-c4c2cc(cc4)Cl,0
CC12CCC3c4ccc(cc4CCC3C1CCC2O)O,1
CC12CCC3c4ccc(cc4CCC3C1CCC2O)OC(=O)N(CCCl)CCCl,1
c1cn(c(n1)N(=O)=O)CC(=O)NCCO,1
CCC(CO)NCCNC(CC)CO,1
CCO,1
CCC(C=CCl)(C#C)O,1
C#CC1(CCCCC1)OC(=O)N,0
CCc1cc(ccn1)C(=S)N,1
CCC1(CC(=O)NC1=O)C,0
CCBr,1
CCCl,1
C(CCl)O,1
C(CBr)Br,1
C(CCl)Cl,1
C1CN1,1
CCCN(CC)C(CC)C(=O)Nc1c(cccc1C)C,0
CC(O)(P(=O)(O)O)P(=O)(O)O,0
CCc1cccc2c1[nH]c3c2CCOC3(CC)CC(=O)O,1
CCOC(=O)c1cncn1C(C)c2ccccc2,0
CCC12CC(=C)C3C(C1CCC2(C#C)O)CCC4=CC(=O)CCC34,1
CC1OCC2C(O1)C(C(C(O2)OC3c4cc5c(cc4C(C6C3COC6=O)c7cc(c(c(c7)OC)O)OC)OCO5)O)O,1
Cc1cc(cc(c1Oc2c(c(nc(n2)Nc3ccc(cc3)C#N)N)Br)C)C#N,1
CC12CCC3C(C1CCC2=O)CC(=C)C4=CC(=O)C=CC34C,0
CC1=C(c2cc(ccc2C1=Cc3ccc(cc3)S(=O)(=O)C)F)CC(=O)O,1
c1cc(ccc1C2C(C(=O)N2c3ccc(cc3)F)CCC(c4ccc(cc4)F)O)O,1
CC(=O)OCC(CCn1cnc2c1nc(nc2)N)COC(=O)C,1
c1c(nc(s1)N=C(N)N)CSCCC(=NS(=O)(=O)N)N,1
CCOC(=O)C1=C(NC(=C(C1c2cccc(c2Cl)Cl)C(=O)OC)C)C,0
c1ccc(cc1)c2ccc(cc2)C(=O)CCC(=O)O,1
CC(C)OC(=O)C(C)(C)Oc1ccc(cc1)C(=O)c2ccc(cc2)Cl,1
c1cc(ccc1C2CNCCc3c2cc(c(c3Cl)O)O)O,1
CC1=C(C(CCC1)(C)C)C=CC(=CC=CC(=CC(=O)Nc2ccc(cc2)O)C)C,1
CCC(=O)N(c1ccccc1)C2CCN(CC2)CCc3ccccc3,0
c1ccc(cc1)c2nc(c(s2)CC(=O)O)c3ccc(cc3)Cl,1
CC(C)C(=O)Oc1ccc(cc1C(CCN(C(C)C)C(C)C)c2ccccc2)CO,0
c1c(c(=O)[nH]c(=O)n1C2C(C(C(O2)CO)O)F)I,1
CC12CCC3C(C1CCC2C(=O)NC(C)(C)C)CCC4C3(C=CC(=O)N4)C,0
Cc1c(=O)c2cccc(c2oc1c3ccccc3)C(=O)OCCN4CCCCC4,0
c1cc(c(cc1OCC(F)(F)F)C(=O)NCC2CCCCN2)OCC(F)(F)F,0
CN1CCN(CC1)c2c(cc3c(c2F)n(cc(c3=O)C(=O)O)CCF)F,1
COC1(C2N(C1=O)C(=C(CO2)CSc3nnnn3CCO)C(=O)O)NC(=O)CSC(F)F,1
c1c(c(=O)[nH]c(=O)n1C2CC(C(O2)CO)O)F,1
c1cc(c(cc1F)F)C(Cn2cncn2)(Cn3cncn3)O,1
c1c(c([nH]c(=O)n1)N)F,1
CC12CCC(=O)C=C1CCC3C2(C(CC4(C3CCC4(C(=O)CO)O)C)O)F,0
CCOC(=O)c1c2n(cn1)-c3ccc(cc3C(=O)N(C2)C)F,0
CC1CCc2cc(cc3c2n1cc(c3=O)C(=O)O)F,1
CC1CC2C3CC(C4=CC(=O)C=CC4(C3(C(CC2(C1(C(=O)CO)O)C)O)F)C)F,0
CC1CC2C3CC(C4=CC(=O)C=CC4(C3(C(CC2(C1(C(=O)CO)O)C)O)F)C)F,0
c1ccc(cc1)C=CCN2CCN(CC2)C(c3ccc(cc3)F)c4ccc(cc4)F,0
CC1(OC2CC3C4CC(C5=CC(=O)C=CC5(C4(C(CC3(C2(O1)C(=O)CO)C)O)F)C)F)C,0
CC(=O)OCC(=O)C12C(CC3C1(CC(C4(C3CC(C5=CC(=O)C=CC54C)F)F)O)C)OC(O2)(C)C,0
CC1CC2C3CCC(C3(CC(C2(C4(C1=CC(=O)C=C4)C)F)O)C)(C(=O)C)O,0
c1c(c(=O)[nH]c(=O)[nH]1)F,1
CNCCC(c1ccccc1)Oc2ccc(cc2)C(F)(F)F,1
CC12CCC(=O)C=C1CCC3C2(C(CC4(C3CCC4(C)O)C)O)F,1
c1ccc2c(c1)N(c3cc(ccc3S2)C(F)(F)F)CCCN4CCN(CC4)CCO,1
CC1(OC2CC3C4CC(C5=CC(=O)CCC5(C4C(CC3(C2(O1)C(=O)CO)C)O)C)F)C,0
CCN(CC)CCN1c2ccc(cc2C(=NCC1=O)c3ccccc3F)Cl,1
CC(c1ccc(c(c1)F)c2ccccc2)C(=O)O,1
CC1CC2C3CC(C4=CC(=O)C=CC4(C3(C(CC2(C1(C(=O)SCF)O)C)O)F)C)F,0
CC(C)n1c2ccccc2c(c1C=CC(CC(CC(=O)O)O)O)c3ccc(cc3)F,1
COCCCCC(=NOCCN)c1ccc(cc1)C(F)(F)F,1
c1cc(ccc1C(=O)NC(CCC(=O)O)C(=O)O)NCc2cnc3c(n2)c(=O)nc([nH]3)N,0
Cc1c[nH]nc1,1
COC1C(C(C(C(O1)COS(=O)(=O)O)OC2C(C(C(C(O2)C(=O)O)OC3C(C(C(C(O3)COS(=O)(=O)O)OC4C(C(C(C(O4)C(=O)O)OC5C(C(C(C(O5)COS(=O)(=O)O)O)O)NS(=O)(=O)O)O)O)OS(=O)(=O)O)NS(=O)(=O)O)O)OS(=O)(=O)O)O)NS(=O)(=O)O,1
CC12CCC(=O)C(=C1CCC3C2CCC4(C3CCC4=O)C)O,0
CC(Cc1ccc(cc1)OC)NCC(c2ccc(c(c2)NC=O)O)O,0
CC(C)CN(CC(C(Cc1ccccc1)NC(=O)OC2CCOC2)OP(=O)(O)O)S(=O)(=O)c3ccc(cc3)N,1
CC(c1cc(cc(c1)C(F)(F)F)C(F)(F)F)OC2C(N(CCO2)Cc3[nH]n(c(=O)n3)P(=O)(O)O)c4ccc(cc4)F,1
C(=O)(O)P(=O)(O)O,1
CC1C(O1)P(=O)(O)O,1
CCC(=O)OC(C(C)C)OP(=O)(CCCCc1ccccc1)CC(=O)N2CC(CC2C(=O)O)C3CCCCC3,1
c1ccc(cc1)C2(C(=O)N(C(=O)N2)COP(=O)(O)O)c3ccccc3,0
CC(C)c1cccc(c1OCOP(=O)(O)O)C(C)C,0
CCOP(=O)(C(C)NC(=O)N(CCCl)N=O)OCC,1
CNC1CCc2c(c3cc(ccc3[nH]2)C(=O)N)C1,0
CC12CCC3c4ccc(cc4CC(C3C1CCC2O)CCCCCCCCCS(=O)CCCC(C(F)(F)F)(F)F)O,0
c1cc(oc1C=NN2CCOC2=O)N(=O)=O,1
c1cc(oc1)CNc2cc(c(cc2C(=O)O)S(=O)(=O)N)Cl,1
CC1C2CCC3(C(C2(CCC1O)C)C(CC4C3(CC(C4=C(CCC=C(C)C)C(=O)O)OC(=O)C)C)O)C,1
C1CCC(CC1)(CC(=O)O)CN,1
CCOC(=O)c1ccc(cc1)OC(=O)CCCCCN=C(N)N,1
CNC(=O)CN(CCN(CCN(CC(=O)NC)CC(=O)O)CC(=O)O)CC(=O)O,0
c1ccc(cc1)C2(CCC(CC2)OP(=O)(O)OCC(CN(CCN(CC(=O)O)CC(=O)O)CC(=O)O)N(CC(=O)O)CC(=O)O)c3ccccc3,1
C(CN(CC(=O)O)CC(=O)O)N(CCN(CC(=O)O)CC(=O)O)CC(=O)O,1
CC(CN1CCN(CCN(CCN(CC1)CC(=O)O)CC(=O)O)CC(=O)O)O,0
COCCNC(=O)CN(CCN(CCN(CC(=O)NCCOC)CC(=O)O)CC(=O)O)CC(=O)O,0
CCOc1ccc(cc1)CC(CN(CCN(CC(=O)O)CC(=O)O)CC(=O)O)N(CC(=O)O)CC(=O)O,1
CC[N+](CC)(CC)CCOc1cccc(c1OCC[N+](CC)(CC)CC)OCC[N+](CC)(CC)CC,0
C(CC(=O)O)CO,0
c1nc2c(n1COC(CO)CO)[nH]c(nc2=O)N,1
CC1CN(CCN1)c2c(cc3c(c2OC)n(cc(c3=O)C(=O)O)C4CC4)F,1
COc1cc2c(cc1OCCCN3CCOCC3)c(ncn2)Nc4ccc(c(c4)Cl)F,1
c1cn(c(=O)nc1N)C2C(C(C(O2)CO)O)(F)F,1
CON=C1CN(CC1CN)c2c(cc3c(=O)c(cn(c3n2)C4CC4)C(=O)O)F,1
CC1(COC(C(C1NC)O)OC2C(CC(C(C2O)OC3C(CCC(O3)CN)N)N)N)O,0
CN(C)c1ccc(cc1)C(=C2C=CC(=[N+](C)C)C=C2)c3ccc(cc3)N(C)C,0
Cc1ccc(cc1)S(=O)(=O)NC(=O)NN2CC3CCCC3C2,1
CCC1=C(CN(C1=O)C(=O)NCCc2ccc(cc2)S(=O)(=O)NC(=O)NC3CCC(CC3)C)C,1
CCC1(CCC(=O)NC1=O)c2ccccc2,0
COc1ccc(cc1C(=O)NCCc2ccc(cc2)S(=O)(=O)NC(=O)NC3CCCCC3)Cl,1
C[N+]1(CCC(C1)OC(=O)C(c2ccccc2)(C3CCCC3)O)C,0
CC(C)CC(C(=O)NC(CCCN=C(N)N)C(=O)N1CCCC1C(=O)NCC(=O)N)NC(=O)CNC(=O)C(Cc2ccc(cc2)O)NC(=O)C(CO)NC(=O)C(Cc3c[nH]c4c3cccc4)NC(=O)C(Cc5cnc[nH]5)NC(=O)C6CCC(=O)N6,0
CC(C)CC(C(=O)NC(CCCN=C(N)N)C(=O)N1CCCC1C(=O)NNC(=O)N)NC(=O)C(COC(C)(C)C)NC(=O)C(Cc2ccc(cc2)O)NC(=O)C(CO)NC(=O)C(Cc3c[nH]c4c3cccc4)NC(=O)C(Cc5cnc[nH]5)NC(=O)C6CCC(=O)N6,0
Cc1c2c(cc(c1F)N3CCNC(C3)C)n(cc(c2=O)C(=O)O)C4CC4,1
CC1CC(=O)C=C(C12C(=O)c3c(cc(c(c3O2)Cl)OC)OC)OC,1
COc1ccccc1OCC(CO)O,0
c1cc(c(c(c1)Cl)C=NN=C(N)N)Cl,1
C1CCC2(CC1)OCC(O2)CN=C(N)N,0
C1CCCN(CCC1)CCN=C(N)N,0
c1cc(c(c(c1)Cl)CC(=O)N=C(N)N)Cl,1
C(CCCN=C(N)N)CCC(=O)NC(C(=O)NCCCCNCCCN)O,0
c1ccc(cc1)C2=NCC(=O)N(c3c2cc(cc3)Cl)CC(F)(F)F,0
CCC(=O)OC1(C(CC2C1(CC(C3(C2CC(C4=CC(=O)C=CC43C)F)F)O)C)C)C(=O)CCl,0
CCCCN(CCCC)CCC(c1cc2c(cc(cc2Cl)Cl)c3c1ccc(c3)C(F)(F)F)O,1
C(C(F)(F)F)(Cl)Br,1
CC(=O)NC1C(C(C(OC1O)COS(=O)(=O)O)OC2C(C(C(C(O2)C(=O)O)OC3C(C(C(C(O3)CO)OC4C(C(C(C(O4)C(=O)O)O)O)OS(=O)(=O)O)OS(=O)(=O)O)NS(=O)(=O)O)O)OS(=O)(=O)O)O,1
C1=CC(C2C1C3(C(=C(C2(C3(Cl)Cl)Cl)Cl)Cl)Cl)Cl,1
c1c(c(c(c(c1Cl)Cl)Cc2c(c(cc(c2Cl)Cl)Cl)O)O)Cl,0
c1c([nH]cn1)CCN,0
CN1C2CCC1CC(C2)OC(=O)C(c3ccccc3)O,0
CC(C)(CCCC(CC(=O)OC)(C(=O)OC1C2c3cc4c(cc3CCN5C2(CCC5)C=C1OC)OCO4)O)O,1
c1cc(oc1)CNc2c3c(nc[nH]3)ncn2,0
c1ccc2c(c1)cnnc2NN,1
c1c2c(cc(c1Cl)S(=O)(=O)N)S(=O)(=O)NCN2,1
CN1CCC23c4c5ccc(c4OC2C(=O)CCC3C1C5)O,0
CCC1CN2CCC1CC2C(c3ccnc4c3cc(cc4)OC)O,1
CCN(CCCC(C)Nc1ccnc2c1ccc(c2)Cl)CCO,0
C(=O)(N)NO,1
c1ccc(cc1)C(c2ccc(cc2)Cl)N3CCN(CC3)CCOCCO,0
CCCCCN(C)CCC(O)(P(=O)(O)O)P(=O)(O)O,1
CC(C)Cc1ccc(cc1)CC(=O)O,1
CC1C(C(CC(O1)OC2CC(Cc3c2c(c4c(c3O)C(=O)c5ccccc5C4=O)O)(C(=O)C)O)N)O,1
c1c(c(=O)[nH]c(=O)n1C2CC(C(O2)CO)O)I,1
C1CN(P(=O)(OC1)NCCCl)CCCl,1
CC#CCC(C)C(C=CC1C(CC2C1CC(=CCCCC(=O)O)C2)O)O,1
Cc1ccc(cc1Nc2nccc(n2)c3cccnc3)NC(=O)c4ccc(cc4)CN5CCN(CC5)C,1
CCOC(=O)C(CCc1ccccc1)NC(C)C(=O)N2C(CN(C2=O)C)C(=O)O,1
CN(C)CCCN1c2ccccc2CCc3c1cccc3,1
CC(C)Cn1cnc2c1c3ccccc3nc2N,1
c1cnccc1c2cc(c(=O)[nH]c2)N,1
c1ccc2c(c1)CC=C2,1
CC(C)(C)NC(=O)C1CN(CCN1CC(CC(Cc2ccccc2)C(=O)NC3c4ccccc4CC3O)O)Cc5cccnc5,1
CC1(c2c3ccccc3ccc2[N+](=C1C=CC=CC=CC=C4C(c5c6ccccc6ccc5N4CCCCS(=O)(=O)O)(C)C)CCCCS(=O)(=O)O)C,0
Cc1c(c2cc(ccc2n1C(=O)c3ccc(cc3)Cl)OC)CC(=O)O,1
c1cc(cc(c1)I)CN=C(N)N,1
CN(CC(CO)O)C(=O)c1c(c(c(c(c1I)NC(=O)C(CO)CO)I)C(=O)N(C)CC(CO)O)I,0
CC(CN(c1c(cc(c(c1I)N)I)I)C(=O)C)C(=O)O,0
c1c(c(c(c(c1I)NC(=O)CCCCC(=O)Nc2c(cc(c(c2I)C(=O)O)I)I)I)C(=O)O)I,1
CC(=O)N(CC(CN(c1c(c(c(c(c1I)C(=O)NCC(CO)O)I)C(=O)NCC(CO)O)I)C(=O)C)O)c2c(c(c(c(c2I)C(=O)NCC(CO)O)I)C(=O)NCC(CO)O)I,0
CC(=O)N(CC(CO)O)c1c(c(c(c(c1I)C(=O)NCC(CO)O)I)C(=O)NCC(CO)O)I,0
CC(C(=O)Nc1c(c(c(c(c1I)C(=O)NC(CO)CO)I)C(=O)NC(CO)CO)I)O,0
CCC(Cc1c(cc(c(c1I)N)I)I)C(=O)O,0
CN(c1c(c(c(c(c1I)C(=O)NC(CO)C(CO)O)I)C(=O)NC(CO)C(CO)O)I)C(=O)CC(=O)N(C)c2c(c(c(c(c2I)C(=O)NC(CO)C(CO)O)I)C(=O)NC(CO)C(CO)O)I,0
C(CO)N(c1c(c(c(c(c1I)C(=O)NCC(CO)O)I)C(=O)NCC(CO)O)I)C(=O)CO,0
CC(=O)N(CC(CO)O)c1c(c(c(c(c1I)C(=O)NCC(CO)O)I)C(=O)NCCO)I,0
CN(C)C=Nc1c(cc(c(c1I)CCC(=O)O)I)I,0
CCCCC1=NC2(CCCC2)C(=O)N1Cc3ccc(cc3)c4ccccc4c5n[nH]nn5,1
CCc1c2cc(ccc2nc-3c1Cn4c3cc5c(c4=O)COC(=O)C5(CC)O)OC(=O)N6CCC(CC6)N7CCCCC7,1
CC1(COC(C(C1NC)O)OC2C(CC(C(C2O)OC3C(C(C(C(O3)CN)O)O)O)N)NC(=O)C(CN)O)O,1
Cc1cc(no1)C(=O)NNCc2ccccc2,1
CCC(C(c1ccc(c(c1)O)O)O)NC(C)C,0
C(C(F)(F)F)(OC(F)F)Cl,1
CC(C)OP(=O)(OC(C)C)F,0
C1C(C2C(O1)C(CO2)ON(=O)=O)ON(=O)=O,0
CC1=C(C(C(=C(N1)C)C(=O)OC(C)C)c2cccc3c2non3)C(=O)OC,1
CCC(C)n1c(=O)n(cn1)c2ccc(cc2)N3CCN(CC3)c4ccc(cc4)OCC5COC(O5)(Cn6cncn6)c7ccc(cc7Cl)Cl,1
CCC(C)C1C(CCC2(O1)CC3CC(O2)CC=C(C(C(C=CC=C4COC5C4(C(C=C(C5O)C)C(=O)O3)O)C)OC6CC(C(C(O6)C)OC7CC(C(C(O7)C)O)OC)OC)C)C,1
Cc1nc(cs1)C=C(C)C2CC3C(O3)(CCCC(C(C(C(=O)C(C(CC(=O)N2)O)(C)C)C)O)C)C,0
CC1CC=CC=CC(C(CC(C(C(C(CC(=O)O1)OC(=O)C)OC)OC2C(C(C(C(O2)C)OC3CC(C(C(O3)C)OC(=O)CC(C)C)(C)O)N(C)C)O)CC=O)C)O,1
C1C(C(C(C(C1N)OC2C(C(C(C(O2)CN)O)O)O)O)OC3C(C(C(C(O3)CO)O)N)O)N,0
CNC1(CCCCC1=O)c2ccccc2Cl,0
CC(c1cccc(c1)C(=O)c2ccccc2)C(=O)O,1
c1ccc(cc1)C(=O)c2ccc3n2CCC3C(=O)O,1
CN1CCC(=C2c3ccccc3CC(=O)c4c2ccs4)CC1,0
CC(CCc1ccccc1)NCC(c2ccc(c(c2)C(=O)N)O)O,1
CCOC(=O)C1=C(NC(=C(C1c2ccccc2C=CC(=O)OC(C)(C)C)C(=O)OCC)C)C,1
c1cn(c(=O)nc1N)C2CSC(O2)CO,1
CC(C)C1C(=O)NC(CSSCC(C(=O)NC(C(=O)NC(C(=O)NC(C(=O)N1)CCCCN)Cc2c[nH]c3c2cccc3)Cc4ccc(cc4)O)NC(=O)C(Cc5ccc6ccccc6c5)N)C(=O)NC(C(C)O)C(=O)N,0
CS(=O)(=O)CCNCc1ccc(o1)c2ccc3c(c2)c(ncn3)Nc4ccc(c(c4)Cl)OCc5cccc(c5)F,1
CC(C)OC(=O)CCCC=CCC1C(CC(C1CCC(CCc2ccccc2)O)O)O,0
c1cc(ncc1Cl)C(=O)NCCN,1
Cc1c(cno1)C(=O)Nc2ccc(cc2)C(F)(F)F,1
c1cc2c(c(c1)N)CN(C2=O)C3CCC(=O)NC3=O,1
CCNC(=O)C1CCCN1C(=O)C(CCCN=C(N)N)NC(=O)C(C(C)C)NC(=O)C(C(C)C)NC(=O)C(Cc2ccc(cc2)O)NC(=O)C(CO)NC(=O)C(Cc3c[nH]c4c3cccc4)NC(=O)C(Cc5cnc[nH]5)NC(=O)C6CCC(=O)N6,1
c1ccc(cc1)C2CN3CCSC3=N2,1
CCC(C(=O)N)N1CCCC1=O,1
CC1CN(CCC1(c2ccccc2)C(=O)O)C3CCC(CC3)(C#N)c4ccc(cc4)F,0
c1ccc(cc1)C(c2ccc(cc2)Cl)N3CCN(CC3)CCOCC(=O)O,1
CC1COc2c3n1cc(c(=O)c3cc(c2N4CCN(CC4)C)F)C(=O)O,1
c1cc(ccc1C(=O)NC(CCC(=O)O)C(=O)O)NCC2CNc3c(c(=O)nc([nH]3)N)N2C=O,0
c1cc(ccc1C(=O)NC(CCC(=O)O)C(=O)O)NCC2CNc3c(c(=O)nc([nH]3)N)N2C=O,0
CCC12CCC3C(C1CCC2(C#C)O)CCC4=CC(=O)CCC34,1
CN1CCC23CCCCC2C1Cc4c3cc(cc4)O,0
c1cc(cc(c1)Cl)C(c2ccc3c(c2)[nH]cn3)n4ccnc4,1
C1(C(C(C(C(C1Cl)Cl)Cl)Cl)Cl)Cl,0
CC(=O)NCC1CN(C(=O)O1)c2ccc(c(c2)F)N3CCOCC3,1
c1cc(c(cc1Oc2c(cc(cc2I)CC(C(=O)O)N)I)I)O,0
CC(Cc1ccccc1)NC(=O)C(CCCCN)N,0
c1ccc(cc1)CCC(C(=O)O)NC(CCCCN)C(=O)N2CCCC2C(=O)O,1
c1c(cc(c(c1NC(=O)C(=O)O)Cl)NC(=O)C(=O)O)C#N,0
CN(CCCN1c2ccccc2CCc3c1cccc3)CC(=O)c4ccc(cc4)Cl,1
CCn1cc(c(=O)c2c1c(c(c(c2)F)N3CCNC(C3)C)F)C(=O)O,0
C1CCC(CC1)NC(=O)N(CCCl)N=O,0
c1ccc2c(c1)c(nn2Cc3ccc(cc3Cl)Cl)C(=O)O,1
CN(C)C(=O)C(CCN1CCC(CC1)(c2ccc(cc2)Cl)O)(c3ccccc3)c4ccccc4,0
c1ccc(cc1)C(C(=O)NC2C3CCC(=C(N3C2=O)C(=O)O)Cl)N,1
c1ccc(c(c1)C2=NC(C(=O)Nc3c2cc(cc3)Cl)O)Cl,1
CCCCc1nc(c(n1Cc2ccc(cc2)c3ccccc3c4n[nH]nn4)CO)Cl,1
CC12CC(C3C(C1CCC2(C(=O)OCCl)O)CCC4=CC(=O)C=CC34C)O,0
CCC(C)C(=O)OC1CC(C=C2C1C(C(C=C2)C)CCC3CC(CC(=O)O3)O)C,1
CN1CCN(CC1)C2=Nc3ccccc3Oc4c2cc(cc4)Cl,1
CCCCC(C1(CCC2C(O1)CC(=O)C2CCCCCCC(=O)O)O)(F)F,0
c1ccc(cc1)CC2C(=O)NC(C(=O)NC(C(=O)NC(CSSCC(C(=O)NC(C(=O)N2)Cc3ccc(cc3)O)N)C(=O)N4CCCC4C(=O)NC(CCCCN)C(=O)NCC(=O)N)CC(=O)N)CCC(=O)N,0
c1cc(ccc1CN)S(=O)(=O)N,0
Cc1c(c(c(cn1)COP(=O)(O)O)CN(CCN(Cc2c(cnc(c2O)C)COP(=O)(O)O)CC(=O)O)CC(=O)O)O,1
Cc1nnc(n1C2CC3CCC(C2)N3CCC(c4ccccc4)NC(=O)C5CCC(CC5)(F)F)C(C)C,1
CC(C)CC(C(C(=O)NO)O)C(=O)NC(C(=O)NC)C(C)(C)C,1
c1ccc2c(c1)C3=NCCN3C2(c4ccc(cc4)Cl)O,0
COC(=O)Nc1[nH]c2cc(ccc2n1)C(=O)c3ccccc3,1
CC1(C2CCC(C2)C1(C)NC)C,0
C(CCl)C(CCCl)N,0
Cc1cccc(c1)CN2CCN(CC2)C(c3ccccc3)c4ccc(cc4)Cl,0
Cc1ccc(c(c1Cl)Nc2ccccc2C(=O)O)Cl,1
CC1CC2C(CCC3(C2CCC3(C(=O)C)O)C)C4(C1=CC(=O)CC4)C,1
CC1CC2C3CCC(C3(CC(C2C4(C1=CC(=O)CC4)C)O)C)C(=O)C,0
Cc1cccc(c1C)Nc2ccccc2C(=O)O,1
c1cc2c(cc(nc2c(c1)C(F)(F)F)C(F)(F)F)C(C3CCCCN3)O,1
Cc1cnc(s1)NC(=C2C(=O)c3ccccc3S(=O)(=O)N2C)O,1
c1cc(ccc1CC(C(=O)O)N)N(CCCl)CCCl,1
CC12CC3CC(C1)(CC(C3)(C2)N)C,1
C[N+]1(CCCC(C1)OC(=O)C(c2ccccc2)(c3ccccc3)O)C,0
CCOC(=O)C1(CCN(CC1)C)c2ccccc2,0
CC(C)(Cc1ccccc1)NC,0
CCC1(C(=O)NC(=O)N(C1=O)C)c2ccccc2,1
Cc1cccc(c1NC(=O)C2CCCCN2C)C,0
CCCC(C)(COC(=O)N)COC(=O)N,0
c1[nH]c2c(n1)[nH]cnc2=S,1
CC1C2C(C(=O)N2C(=C1SC3CC(NC3)C(=O)N(C)C)C(=O)O)C(C)O,1
c1cc(c(cc1N)C(=O)O)O,1
C(CS(=O)(=O)O)S,0
CN1CCCCC1CCN2c3ccccc3Sc4c2cc(cc4)S(=O)C,0
CC(C)NCC(c1cc(cc(c1)O)O)O,0
CC(C(c1cccc(c1)O)O)N,0
Cn1cc2c3c1cccc3C4CC(CN(C4C2)C)CNC(=O)OCc5ccccc5,1
CN(C)C(=N)N=C(N)N,1
CC(C[N+](C)(C)C)OC(=O)C,0
CCC(=O)C(CC(C)N(C)C)(c1ccccc1)c2ccccc2,1
CC(Cc1ccccc1)NC,0
CC[N+](C)(CC)CCOC(=O)C1c2ccccc2Oc3c1cccc3,0
CC(=O)N=c1n(nc(s1)S(=O)(=O)N)C,0
CN1CCC(C1)CN2c3ccccc3Sc4c2cccc4,1
C1N2CN3CN1CN(C2)C3,1
CC1=CC(=O)CC2C1(C3CCC4(C(C3CC2)CCC4OC(=O)C)C)C,1
CC1(C(N2C(S1)C(C2=O)NC(=O)c3c(cccc3OC)OC)C(=O)O)C,0
Cn1cc[nH]c1=S,1
COc1ccccc1OCC(COC(=O)N)O,0
CCC#CC(C)C1(C(=O)NC(=O)N(C1=O)C)CC=C,1
CC(=NOC(=O)NC)SC,1
CN(Cc1cnc2c(n1)c(nc(n2)N)N)c3ccc(cc3)C(=O)NC(CCC(=O)O)C(=O)O,1
CC(CN1c2ccccc2Sc3c1cc(cc3)OC)CN(C)C,0
COc1c2c(ccc(=O)o2)cc3c1occ3,1
COc1ccc(cc1)C(c2ccc(cc2)OC)C(Cl)(Cl)Cl,1
COC(C(Cl)Cl)(F)F,1
CC1(CC(=O)N(C1=O)C)c2ccccc2,0
CCl,1
CNc1ccccc1,1
CC(Cc1ccc(c(c1)O)O)(C(=O)O)N,1
CCC(CO)NC(=O)C1CN(C2Cc3c[nH]c4c3c(ccc4)C2=C1)C,0
C[N+]1(CCC23c4c5ccc(c4OC2C(=O)CCC3(C1C5)O)O)CC6CC6,0
CC1CC2C3CCC(C3(CC(C2C4(C1=CC(=O)C=C4)C)O)C)(C(=O)CO)O,1
CC12CCC(=O)C=C1CCC3C2CCC4(C3CCC4(C)O)C,1
Cc1cc(c(c(c1OC(=O)C)C)C)OCC(CNC(C)C)O,0
C[N+]1(CCc2cc(c3cc2C1Cc4ccc(cc4)Oc5c6c(cc(c5OC)OC)CC[N+](C6Cc7ccc(c(c7)O3)OC)(C)C)OC)C,0
Cc1ccccc1N2C(Nc3cc(c(cc3C2=O)S(=O)(=O)N)Cl)C,1
CC(C)NCC(COc1ccc(cc1)CCOC)O,1
CC(C)(C)c1c(=O)n(c(nn1)SC)N,1
CC(=O)Nc1c(c(c(c(c1I)N(C)C(=O)C)I)C(=O)NC2C(C(C(OC2O)CO)O)O)I,0
Cc1ncc(n1CCO)N(=O)=O,1
CC(C)(c1cccnc1)C(=O)c2cccnc2,0
CC(Cc1ccc(cc1)O)(C(=O)O)N,0
Cc1cccc(c1OCC(C)N)C,1
CC1(C(N2C(S1)C(C2=O)NC(=O)C(c3ccccc3)NC(=O)N4CCN(C4=O)S(=O)(=O)C)C(=O)O)C,1
CCCCCOc1ccc(cc1)c2cc(no2)c3ccc(cc3)C(=O)NC4CC(C(NC(=O)C5C(C(CN5C(=O)C(NC(=O)C(NC(=O)C6CC(CN6C(=O)C(NC4=O)C(C)O)O)C(C(c7ccc(c(c7)OS(=O)(=O)O)O)O)O)C(CC(=O)N)O)C)O)O)O,1
Cc1ncc2n1-c3ccc(cc3C(=NC2)c4ccccc4F)Cl,0
COc1ccc(c(c1)C(CNC(=O)CN)O)OC,0
CC#CC1(CCC2C1(CC(C3=C4CCC(=O)C=C4CCC23)c5ccc(cc5)N(C)C)C)O,0
C1C(C(C(C(N1CCO)CO)O)O)O,0
CCCCN1CC(C(C(C1CO)O)O)O,0
Cc1c(cc(c(=O)[nH]1)C#N)c2ccncc2,1
CCCCCCCCCCCCCCCCOP(=O)(O)OCC[N+](C)(C)C,1
CN(C)c1ccc(c2c1CC3CC4C(C(=O)C(=C(N)O)C(=O)C4(C(=O)C3=C2O)O)N(C)C)O,1
c1c(n(c(=N)nc1N2CCCCC2)O)N,1
CCC(=O)OC1CC(=O)OC(CC=CC=CC(C(CC(C(C1OC)OC2C(C(C(C(O2)C)OC3CC(C(C(O3)C)OC(=O)CC)(C)OC(=O)C)N(C)C)O)CC=O)C)OC(=O)C)C,0
CN1CCN2c3c(cccn3)Cc4ccccc4C2C1,1
CC(=NN=C(N)N)C=NN=C(N)N,1
C(C(C(C(C(CBr)O)O)O)O)Br,1
CC1=C(C(=O)C2=C(C1=O)N3CC4C(C3(C2COC(=O)N)OC)N4)N,1
c1ccc(c(c1)C(c2ccc(cc2)Cl)C(Cl)Cl)Cl,0
c1cc(c2c(c1NCCNCCO)C(=O)c3c(ccc(c3C2=O)O)O)NCCNCCO,1
C[N+]1(CCc2cc(c(cc2C1Cc3cc(c(c(c3)OC)OC)OC)OC)OC)CCCOC(=O)CCC=CCCC(=O)OCCC[N+]4(CCc5cc(c(cc5C4Cc6cc(c(c(c6)OC)OC)OC)OC)OC)C,0
c1cc(cc(c1)N(=O)=O)N,1
c1ccc(cc1)C(c2ccccc2)S(=O)CC(=O)N,1
CCOC(=O)C(CCc1ccccc1)NC(C)C(=O)N2Cc3cc(c(cc3CC2C(=O)O)OC)OC,1
CCc1c([nH]c2c1C(=O)C(CC2)CN3CCOCC3)C,1
CC1CC2C3CCC4=CC(=O)C=CC4(C3(C(CC2(C1(C(=O)CCl)O)C)O)Cl)C,0
c1ccc(cc1)COc2ccc(cc2)O,0
CCCCCCCC(=O)OCC(CO)O,1
CC(C)(c1ccccc1CCC(c2cccc(c2)C=Cc3ccc4ccc(cc4n3)Cl)SCC5(CC5)CC(=O)O)O,1
CCOC(=O)Nc1ccc2c(c1)N(c3ccccc3S2)C(=O)CCN4CCOCC4,1
c1cc(cc(c1)Nc2c(cccn2)C(=O)OCCN3CCOCC3)C(F)(F)F,0
CN1CCC23c4c5ccc(c4OC2C(C=CC3C1C5)O)O,1
COc1c2c(cc(c1N3CC4CCCNC4C3)F)c(=O)c(cn2C5CC5)C(=O)O,1
Cc1cc(c(cc1OC(=O)C)C(C)C)OCCN(C)C,1
CC(C1C(O1)CC2COC(C(C2O)O)CC(=CC(=O)OCCCCCCCCC(=O)O)C)C(C)O,0
Cc1c2c(c(c(c1OC)CC=C(C)CCC(=O)O)O)C(=O)OC2,1
CC(=O)N(C)C,1
CN(C)C=O,1
CC(=O)Nc1ccc-2c(c1)Cc3c2cccc3,1
CCCCCCC(C)(C)c1cc(c2c(c1)OC(C3C2CC(=O)CC3)(C)C)O,0
CC(C)(C)NCC(COc1cccc2c1CC(C(C2)O)O)O,0
CCOc1ccc2ccccc2c1C(=O)NC3C4N(C3=O)C(C(S4)(C)C)C(=O)O,1
CN(CC=Cc1ccccc1)Cc2cccc3c2cccc3,0
c1cc(c2c3c1CC4C5(C3(CCN4CC6CCC6)C(O2)C(CC5)O)O)O,0
CCn1cc(c(=O)c2c1nc(cc2)C)C(=O)O,0
C=CCN1CCC23c4c5ccc(c4OC2C(=O)CCC3(C1C5)O)O,0
CC12CCC3C(C1CCC2O)CCC4=CC(=O)CCC34,1
CC(c1ccc2cc(ccc2c1)OC)C(=O)O,1
CC(C)C1CCC(CC1)C(=O)NC(Cc2ccccc2)C(=O)O,1
c1cc2c(cc1F)CCC(O2)C(CNCC(C3CCc4cc(ccc4O3)F)O)O,1
CCCc1c2c(cc3c1oc(cc3=O)C(=O)O)c(=O)cc(n2CC)C(=O)O,0
COc1c2c(nc(n1)N)n(cn2)C3C(C(C(O3)CO)O)O,0
Cc1c(cccc1O)C(=O)NC(CSc2ccccc2)C(CN3CC4CCCCC4CC3C(=O)NC(C)(C)C)O,1
C1C(C(C(C(C1N)OC2C(C(C(C(O2)CN)O)O)N)OC3C(C(C(O3)CO)OC4C(C(C(C(O4)CN)O)O)N)O)O)N,0
c1ccc(cc1)C(=O)c2cccc(c2N)CC(=O)N,0
CCNC1CC(C(C(C1OC2C(C(C(CO2)(C)O)NC)O)O)OC3C(CC=C(O3)CN)N)N,1
c1cc(cnc1)C(=O)N,1
c1cc(c(cc1N(=O)=O)Cl)NC(=O)c2cc(ccc2O)Cl,0
CN1CCCC1c2cccnc2,0
CC1=C(C(C(=C(N1)C)C(=O)OC)c2ccccc2N(=O)=O)C(=O)OC,1
c1cc(cc(c1)Nc2c(cccn2)C(=O)O)C(F)(F)F,1
CC1=C(C(C(=C(N1)C#N)C(=O)OC)c2cccc(c2)N(=O)=O)C(=O)OC(C)C,1
CS(=O)(=O)Nc1ccc(cc1Oc2ccccc2)N(=O)=O,1
CC1=C(C(C(=C(N1)C)C(=O)OC(C)C)c2cccc(c2)N(=O)=O)C(=O)OCCOC,1
CN(c1c(cc(cc1N(=O)=O)N(=O)=O)N(=O)=O)N(=O)=O,1
CCOC(=O)C1=C(NC(=C(C1c2cccc(c2)N(=O)=O)C(=O)OC)C)C,1
c1cc(oc1C=NN2CC(=O)NC2=O)N(=O)=O,1
c1cc(oc1C=NNC(=O)N)N(=O)=O,0
C(C(CON(=O)=O)ON(=O)=O)ON(=O)=O,0
CNC(=CN(=O)=O)NCCSCc1csc(n1)CN(C)C,1
CN(C)N=O,1
Cc1ccc2c(c1Sc3ccncc3)c(=O)nc([nH]2)N,1
c1cc(c(cc1C(CN)O)O)O,0
CC12CCC3C(C1CCC2(C#C)O)CCC4=CC(=O)CCC34,1
CCn1cc(c(=O)c2c1cc(c(c2)F)N3CCNCC3)C(=O)O,1
CNCCC=C1c2ccccc2CCc3c1cccc3,1
Cc1c(ccc2c1oc(c(c2=O)NC(=O)c3ccc(c(c3)CC=C(C)C)O)O)OC4C(C(C(C(O4)(C)C)OC)OC(=O)N)O,1
CC1C=CC=CCCC=CC=CC=CC=CC(CC2C(C(CC(O2)(CC(C(CCC(CC(CC(CC(=O)OC(C(C1O)C)C)O)O)O)O)O)O)O)C(=O)O)OC3C(C(C(C(O3)C)O)N)O,0
CC(C1C(=O)NC(CSSCC(C(=O)NC(C(=O)NC(C(=O)NC(C(=O)N1)CCCCN)Cc2c[nH]c3c2cccc3)Cc4ccccc4)NC(=O)C(Cc5ccccc5)N)C(=O)NC(CO)C(C)O)O,1
c1ccc(c(c1)Cl)Cl,1
Cc1cc2=C(Nc3ccccc3N=c2s1)N4CCN(CC4)C,1
CN(C)CCC=C1c2ccccc2COc3c1cc(cc3)CC(=O)O,0
c1cc(c(cc1NN=C2C=CC(=O)C(=C2)C(=O)O)C(=O)O)O,1
Cc1nccn1CC2CCc3c(c4ccccc4n3C)C2=O,1
c1ccc2c(c1)C=Cc3ccccc3N2CCCN4CCN(CC4)CCO,1
CCCCCCCCCCCC(CC1C(C(=O)O1)CCCCCC)OC(=O)C(CC(C)C)NC=O,1
CCC(CC)OC1C=C(CC(C1NC(=O)C)N)C(=O)OCC,1
Cc1c(c(no1)c2ccccc2)C(=O)NC3C4N(C3=O)C(C(S4)(C)C)C(=O)O,1
CC(C)NCC1CCc2cc(c(cc2N1)N(=O)=O)CO,1
CC12CCC3C(C1CCC2(C)O)CCC4C3(COC(=O)C4)C,1
c1ccc(cc1)c2c(oc(n2)CCC(=O)O)c3ccccc3,1
c1ccc(cc1)C2=NC(C(=O)Nc3c2cc(cc3)Cl)O,1
c1ccc2c(c1)CC(=O)c3ccccc3N2C(=O)N,1
c1cc(c(cc1Cl)Cl)CON=C(Cn2ccnc2)c3ccc(cc3Cl)Cl,0
CC(C)NCC(COc1ccccc1OCC=C)O,0
CCN(CC)CC#CCOC(=O)C(c1ccccc1)(C2CCCCC2)O,0
CN1CCC23c4c5ccc(c4OC2C(=O)CCC3(C1C5)O)OC,0
Cc1cc(c(c(c1CC2=NCCN2)C)O)C(C)(C)C,0
CC12CCC3C(C1CCC2(C)O)CCC4C3(CC(=CO)C(=O)C4)C,1
CN1CCC23c4c5ccc(c4OC2C(=O)CCC3(C1C5)O)O,0
CN1CCCN=C1COC(=O)C(c2ccccc2)(C3CCCCC3)O,0
c1ccc2c(c1)C(C(=O)N2)(c3ccc(cc3)O)c4ccc(cc4)O,1
CCC(C)C1C(=O)NC(C(=O)NC(C(=O)NC(CSSCC(C(=O)NC(C(=O)N1)Cc2ccc(cc2)O)N)C(=O)N3CCCC3C(=O)NC(CC(C)C)C(=O)NCC(=O)N)CC(=O)N)CCC(=O)N,1
c1cc(ccc1Cc2ccc(cc2)N)N,1
CC1=C2C(C(=O)C3(C(CC4C(C3C(C(C2(C)C)(CC1OC(=O)C(C(c5ccccc5)NC(=O)c6ccccc6)O)O)OC(=O)c7ccccc7)(CO4)OC(=O)C)O)C)OC(=O)C,1
Cc1c(c(=O)n2c(n1)C(CCC2)O)CCN3CCC(CC3)c4c5ccc(cc5on4)F,0
c1cc2c3c(c1)C(=O)N(CC3CCC2)C4CN5CCC4CC5,1
C(CN)C(O)(P(=O)(O)O)P(=O)(O)O,0
CC(=O)OC1CC2CCC3C(C2(CC1[N+]4(CCCCC4)C)C)CCC5(C3CC(C5OC(=O)C)[N+]6(CCCCC6)C)C,1
COc1ccnc(c1OC)CS(=O)c2[nH]c3cc(ccc3n2)OC(F)F,1
COc1ccc(cc1OC)Cc2c3cc(c(cc3ccn2)OC)OC,1
CCC1(C(=O)N(C(=O)O1)C)C,1
CC(C=CC(C)C(C)(C)O)C1CCC2C1(CCCC2=CC=C3CC(CC(C3)O)O)C,0
C1C(C(C(C(C1N)OC2C(C(C(C(O2)CO)O)O)N)OC3C(C(C(O3)CO)OC4C(C(C(C(O4)CN)O)O)N)O)O)N,0
c1cc(ccc1C2CCNCC2COc3ccc4c(c3)OCO4)F,1
Cc1ccc(cc1S(=O)(=O)N)Nc2nccc(n2)N(C)c3ccc4c(n(nc4c3)C)C,1
CN(C)c1ccc(cc1)N=Nc2ccccc2,1
CCn1cc(c(=O)c2c1cc(c(c2)F)N3CCN(CC3)C)C(=O)O,1
COCCOC(=O)NCCCCC(C(=O)NCCCCCOP(=O)(C)O)NC(=O)OCCOC,0
c1cc(ccc1CCc2c[nH]c3c2c(=O)nc([nH]3)N)C(=O)NC(CCC(=O)O)C(=O)O,1
Cc1cccn2c1ncc(c2=O)c3n[nH]nn3,1
CC(C)(C)NCC(COc1ccccc1C2CCCC2)O,0
c1nc2c(n1CCC(CO)CO)[nH]c(nc2=O)N,0
c1cc(ccc1C(CCCN2CCC(CC2)(c3ccc(c(c3)C(F)(F)F)Cl)O)c4ccc(cc4)F)F,0
CC(C)(C(C(=O)O)N)S,1
CC1(C(N2C(S1)C(C2=O)NC(=O)Cc3ccccc3)C(=O)O)C,1
CC1(C(N2C(S1)C(C2=O)NC(=O)COc3ccccc3)C(=O)O)C,1
C(C(Cl)(Cl)Cl)(Cl)Cl,1
CC(C)COC(=O)NCCC(=O)NC(Cc1c[nH]c2c1cccc2)C(=O)NC(CCSC)C(=O)NC(CC(=O)O)C(=O)NC(Cc3ccccc3)C(=O)N,0
c1cc(ccc1C(=N)N)OCCCCCOc2ccc(cc2)C(=N)N,1
CC1C2Cc3ccc(cc3C1(CCN2CC=C(C)C)C)O,0
CCCC(C)C1(C(=O)NC(=O)NC1=O)CC,0
c1nc2c(n1C3CC(C(O3)CO)O)NC=NCC2O,1
CN1CCN(CC1)CCCN2c3ccccc3Sc4c2cccc4,1
CCCN1CC(CC2C1Cc3c[nH]c4c3c2ccc4)CSC,0
c1ccc2c(c1)N(c3cc(ccc3S2)C#N)CCCN4CCC(CC4)O,1
CC1(C(C1C(=O)OCc2cccc(c2)Oc3ccccc3)C=C(Cl)Cl)C,0
c1ccc2c(c1)N(c3cc(ccc3S2)Cl)CCCN4CCN(CC4)CCO,1
c1ccc(cc1)CC(=O)NC(=O)N,1
CC1C(OCCN1C)c2ccccc2,0
c1ccc(cc1)CCNN,1
c1ccc(cc1)C2C(=O)c3ccccc3C2=O,1
CC1C(OCCN1)c2ccccc2,0
CCC1(C(=O)NC(=O)NC1=O)c2ccccc2,1
c1ccc(cc1)O,1
CC(COc1ccccc1)N(CCCl)Cc2ccccc2,0
CCC(c1ccccc1)c2c(=O)c3ccccc3oc2O,0
CC(C)(Cc1ccccc1)N,0
Cc1ccc(cc1)N(CC2=NCCN2)c3cccc(c3)O,0
CCCCC1C(=O)N(N(C1=O)c2ccccc2)c3ccccc3,1
c1ccc(cc1)C2(C(=O)NC(=O)N2)c3ccccc3,1
CC1=C(C(=O)c2ccccc2C1=O)CC=C(C)CCCC(C)CCCC(C)CCCC(C)C,1
c1c(cc(c(c1N(=O)=O)O)N(=O)=O)N(=O)=O,1
CCC1C=C(CC(CC(C2C(CC(C(O2)(C(=O)C(=O)N3CCCCC3C(=O)OC(C(C(CC1=O)O)C)C(=CC4CCC(C(C4)OC)Cl)C)O)C)OC)OC)C)C,0
CC(C)NCC(COc1cccc2c1cc[nH]2)O,1
CCc1ccc(nc1)CCOc2ccc(cc2)CC3C(=O)NC(=O)S3,1
CC(=O)OC1CC2CCC3C(C2(CC1N4CC[N+](CC4)(C)C)C)CCC5(C3CC(C5OC(=O)C)N6CC[N+](CC6)(C)C)C,0
CCN1CCN(C(=O)C1=O)C(=O)NC(c2ccccc2)C(=O)NC3C4N(C3=O)C(C(S4)(C)C)C(=O)O,1
C1CNCCN1,0
C1CN(CCN1C(=O)CCBr)C(=O)CCBr,0
CN(C)S(=O)(=O)c1ccc2c(c1)N(c3ccccc3S2)CCCN4CCC(CC4)CCO,1
CC1C(C(CC(O1)OC2CC(Cc3c2c(c4c(c3O)C(=O)c5cccc(c5C4=O)OC)O)(C(=O)CO)O)N)OC6CCCCO6,1
c1cc(ccc1c2cn(nc2CC(=O)O)c3ccc(cc3)F)Cl,1
CC(C)(C)NCC(c1ccc(c(n1)CO)O)O,0
c1ccc(cc1)Oc2c(cc(cc2S(=O)(=O)N)C(=O)O)N3CCCC3,1
c1cnc(nc1)N2CCN(CC2)Cc3ccc4c(c3)OCO4,1
CN1C(=C(Nc2ccccn2)O)C(=O)c3ccccc3S1(=O)=O,1
CC(c1ccc(c(c1)Cl)N2CC=CC2)C(=O)O,1
c1cc(ccc1CN2CCCNCCNCCCNCC2)CN3CCCNCCNCCCNCC3,0
Cc1c(cc2cc3c(c(c2c1O)O)C(=O)C(C(C3)C(C(=O)C(C(C)O)O)OC)OC4CC(C(C(O4)C)O)OC5CC(C(C(O5)C)O)OC6CC(C(C(O6)C)O)(C)O)OC7CC(C(C(O7)C)O)OC8CC(C(C(O8)C)O)O,1
COc1cc(cc(c1OC)OC)C2c3cc4c(cc3C(C5C2C(=O)OC5)O)OCO4,0
CCC(C)CCCCC(=O)NC(CCN)C(=O)NC(C(C)O)C(=O)NC(CCN)C(=O)NC1CCNC(=O)C(NC(=O)C(NC(=O)C(NC(=O)C(NC(=O)C(NC(=O)C(NC1=O)CCN)Cc2ccccc2)CC(C)C)CCN)CCN)C(C)O,0
C=Cc1ccccc1S(=O)(=O)O,0
CN1C(Nc2cc(c(cc2S1(=O)=O)S(=O)(=O)N)Cl)CSCC(F)(F)F,0
CCC(C(C)O)n1c(=O)n(cn1)c2ccc(cc2)N3CCN(CC3)c4ccc(cc4)OCC5CC(OC5)(Cn6cncn6)c7ccc(cc7F)F,1
CN1C=CC=CC1=CN=O,0
c1ccc(cc1)CCCCOc2ccc(cc2)C(=O)Nc3ccc4c(=O)cc(oc4c3)c5n[nH]nn5,1
c1ccc2c(c1)CCN3C2CN(CC3=O)C(=O)C4CCCCC4,1
COc1cc2c(cc1OC)nc(nc2N)N3CCN(CC3)C(=O)c4ccco4,1
CCC(=O)OCC(=O)C1(CCC2C1(CC(C3C2CCC4=CC(=O)C=CC34C)O)C)OC(=O)OCC,0
CC(C)CC(CC(=O)O)CN,1
CCCNC(C)C(=O)Nc1ccccc1C,0
CC(CCCN)Nc1cc(cc2c1nccc2)OC,0
CCCN(CCC)S(=O)(=O)c1ccc(cc1)C(=O)O,1
CC(C)(C)c1cc(cc(c1O)C(C)(C)C)SC(C)(C)Sc2cc(c(c(c2)C(C)(C)C)O)C(C)(C)C,1
CCN(CC)CCNC(=O)c1ccc(cc1)N,1
CCN(CC)CCOC(=O)c1ccc(cc1)N,0
CC(C)NC(=O)c1ccc(cc1)CNNC,1
CN1CCN(CC1)CCCN2c3ccccc3Sc4c2cc(cc4)Cl,1
c1ccc(cc1)C(CCN2CCCC2)(C3CCCCC3)O,0
c1cc(ccc1C(=C2C=C(C=CC2=O)F)NCCCC(=O)N)Cl,1
CC(=O)C1CCC2C1(CCC3C2CCC4=CC(=O)CCC34C)C,1
CN(C)CCCN1c2ccccc2Sc3c1cccc3,1
CCCNCC(COc1ccccc1C(=O)CCc2ccccc2)O,1
CC(C)[N+](C)(CCOC(=O)C1c2ccccc2Oc3c1cccc3)C(C)C,0
CCCOc1ccc(cc1N)C(=O)OCCN(CC)CC,0
CCC(=O)c1ccc2c(c1)N(c3ccccc3S2)CC(C)N(C)C,0
CC(C)c1cccc(c1O)C(C)C,1
CCC(=O)OC(Cc1ccccc1)(c2ccccc2)C(C)CN(C)C,1
CC(C)NCC(COc1cccc2c1cccc2)O,1
CC(CCl)Cl,1
CCCOC(=O)Cn1cc(c(=O)c(c1)I)I,0
CCCc1cc(=O)[nH]c(=S)[nH]1,1
CNCCCC1c2ccccc2C=Cc3c1cccc3,1
c1cnc(cn1)C(=O)N,1
c1ccncc1,1
CCc1c(c(nc(n1)N)N)c2ccc(cc2)Cl,0
Cc1cc(c(n1c2ccccc2)C)C=Cc3ccc4cc(ccc4[n+]3C)N(C)C,0
c1ccc(c(c1)C2=NCC(=S)N(c3c2cc(cc3)Cl)CC(F)(F)F)F,0
c1ccc2c(c1)C(=Nc3ccccc3S2)N4CCN(CC4)CCOCCO,1
CCN(CC)CCCC(C)Nc1c2ccc(cc2nc3c1cc(cc3)OC)Cl,1
CCOC(=O)C(CCc1ccccc1)NC(C)C(=O)N2Cc3ccccc3CC2C(=O)O,0
CC12CCC3c4ccc(cc4CCC3C1CCC2(C#C)O)OC5CCCC5,1
CCC1Nc2cc(c(cc2C(=O)N1)S(=O)(=O)N)Cl,1
COc1ccc2c(c1)c(ccn2)C(C3CC4CCN3CC4C=C)O,1
COc1ccc2c(c1)c(ccn2)C(C3CC4CCN3CC4C=C)O,1
c1cc(ccc1c2c(c3ccc(cc3s2)O)C(=O)c4ccc(cc4)OCCN5CCCCC5)O,1
CCC(=O)NCCC1CCc2c1c3c(cc2)OCC3,0
CCOC(=O)C(CCc1ccccc1)NC(C)C(=O)N2C3CCCC3CC2C(=O)O,1
Cc1cccc(c1NC(=O)CN2CCN(CC2)CC(COc3ccccc3OC)O)C,0
CCC(=O)OC1C(CC2C1(CCC3C2CCC4C3(CC(C(C4)OC(=O)C)N5CCCCC5)C)C)[N+]6(CCCCC6)CC=C,0
C#CCNC1CCc2c1cccc2,0
COc1ccc2c(c1)[nH]c3c2CCN4C3CC5C(C4)CC(C(C5C(=O)OC)OC)OC(=O)C=Cc6cc(c(c(c6)OC)OC)OC,0
COc1ccc2c(c1)[nH]c3c2CCN4C3CC5C(C4)CC(C(C5C(=O)OC)OC)OC(=O)c6cc(c(c(c6)OC)OC)OC,0
c1cc(cc(c1)O)O,1
CC1CCC23CCC(=O)C2C1(C(CC(C(C3C)O)(C)C=C)OC(=O)CSC4CC5CCC(C4)N5C)C,0
c1nc(nn1C2C(C(C(O2)CO)O)O)C(=O)N,1
Cc1c(c2c3c4c1OC(C4=O)(OC=CC(C(C(C(C(C(C(C(C=CC=C(C(=O)NC(=C5C3=NC6(N5)CCN(CC6)CC(C)C)C2=O)C)C)O)C)O)C)OC(=O)C)C)OC)C)O,1
Cc1c(c2c3c4c1OC(C4=O)(OC=CC(C(C(C(C(C(C(C(C=CC=C(C(=O)NC(=C2O)C(=CNN5CCN(CC5)C)C3=O)C)C)O)C)O)C)OC(=O)C)C)OC)C)O,1
Cc1c(c2c3c4c1OC(C4=O)(OC=CC(C(C(C(C(C(C(C(C=CC=C(C(=O)NC(=C2O)C(=CNN5CCN(CC5)C6CCCC6)C3=O)C)C)O)C)O)C)OC(=O)C)C)OC)C)O,1
c1cc2c(cc1OC(F)(F)F)sc(n2)N,1
CC(C12CC3CC(C1)CC(C3)C2)N,0
CCC(=O)C1(C(CC2C1(CC(C3C2CCC4=CC(=O)C=CC34C)O)C)C)C,0
Cc1c(c(=O)n2c(n1)CCCC2)CCN3CCC(CC3)c4c5ccc(cc5on4)F,1
CC(C(c1ccc(cc1)O)O)NCCc2ccc(cc2)O,1
CC(C)c1nc(cs1)CN(C)C(=O)NC(C(C)C)C(=O)NC(Cc2ccccc2)CC(C(Cc3ccccc3)NC(=O)OCc4cncs4)O,1
CCN(C)C(=O)Oc1cccc(c1)C(C)N(C)C,0
CN(C)CCc1c[nH]c2c1cc(cc2)Cn3cncn3,0
CC(=O)OC1C(CC2C1(CCC3C2CCC4C3(CC(C(C4)O)N5CCOCC5)C)C)[N+]6(CCCC6)CC=C,0
COP(=S)(OC)Oc1cc(c(cc1Cl)Cl)Cl,1
CCCN(CCC)CCc1cccc2c1CC(=O)N2,0
CCCN1CCCCC1C(=O)Nc2c(cccc2C)C,0
CN(CCOc1ccc(cc1)CC2C(=O)NC(=O)S2)c3ccccn3,1
CC(C)c1c(c(nc(n1)N(C)S(=O)(=O)C)c2ccc(cc2)F)C=CC(CC(CC(=O)O)O)O,1
CCCN(CCc1cccs1)C2CCc3c(cccc3O)C2,0
CC(=O)OCC(=O)NCCCOc1cccc(c1)CN2CCCCC2,1
CCC1C(C(C(C(=NOCOCCOC)C(CC(C(C(C(C(C(=O)O1)C)OC2CC(C(C(O2)C)O)(C)OC)C)OC3C(C(CC(O3)C)N(C)C)O)(C)O)C)C)O)(C)O,1
c1cc(c(c(c1)F)Cn2cc(nn2)C(=O)N)F,0
CC1Oc2ccc(cc2O1)C(C)(C)C,0
c1ccc(cc1)CCCCOCCCCCCNCC(c2ccc(c(c2)CO)O)O,0
c1ccc(c(c1)C(=O)Oc2ccccc2C(=O)O)O,1
C(CN(CP(=O)(O)O)CP(=O)(O)O)N(CP(=O)(O)O)CP(=O)(O)O,0
CC(C(C1CNc2c(c(=O)nc([nH]2)N)N1)O)O,0
CC(C)(C)NC(=O)C1CC2CCCCC2CN1CC(C(Cc3ccccc3)NC(=O)C(CC(=O)N)NC(=O)c4ccc5ccccc5n4)O,1
CCCC(C)C1(C(=O)NC(=O)NC1=O)CC=C,0
CC(Cc1ccccc1)N(C)CC#C,0
c1cc2c(csc2c(c1)Cl)COC(Cn3ccnc3)c4ccc(cc4Cl)Cl,1
CNC1CCC(c2c1cccc2)c3ccc(c(c3)Cl)Cl,1
CC(C)CC(C1(CCC1)c2ccc(cc2)Cl)N(C)C,1
CCCc1c2c(c(=O)nc([nH]2)c3cc(ccc3OCC)S(=O)(=O)N4CCN(CC4)C)n(n1)C,1
CC(Cc1cc2c(c(c1)C(=O)N)N(CC2)CCCO)NCCOc3ccccc3OCC(F)(F)F,1
c1cnc(nc1)[N-]S(=O)(=O)c2ccc(cc2)N,0
CCC(C)(C)C(=O)OC1CC(C=C2C1C(C(C=C2)C)CCC3CC(CC(=O)O3)O)C,1
CSCCC(C(=O)NCC(=O)NC(Cc1c[nH]c2c1cccc2)C(=O)NC(CCSC)C(=O)NC(CC(=O)O)C(=O)NC(Cc3ccccc3)C(=O)N)NC(=O)C(Cc4ccc(cc4)OS(=O)(=O)O)NC(=O)C(CC(=O)O)N,0
c1ccc(cc1)CCCC(=O)O,1
c1ccc(cc1)C2c3ccccc3CCN2C(=O)OC4CN5CCC4CC5,0
CNC(=O)c1cc(ccn1)Oc2ccc(cc2)NC(=O)Nc3ccc(c(c3)C(F)(F)F)Cl,1
C(C(C(C(C(CO)O)O)O)O)O,0
C(C(C(C(C(CO)O)O)O)O)O,0
CC(C)NCC(c1ccc(cc1)NS(=O)(=O)C)O,1
CC1CC(=O)C2(C(O1)OC3C(C(C(C(C3O2)NC)O)NC)O)O,1
CC12CCC3C(C1CCC2(C)O)CCC4C3(Cc5cn[nH]c5C4)C,1
Cc1cn(c(=O)[nH]c1=O)C2C=CC(O2)CO,1
CC1C(C(C(O1)OC2C(C(C(C(C2O)O)N=C(N)N)O)N=C(N)N)OC3C(C(C(C(O3)CO)O)O)NC)(C=O)O,0
CN(C(=O)NC1C(C(C(OC1O)CO)O)O)N=O,1
C=Cc1ccccc1,1
C(C(C(=O)O)S)(C(=O)O)S,1
C[N+](C)(C)CCOC(=O)CCC(=O)OCC[N+](C)(C)C,0
C(C1C(C(C(C(O1)OC2(C(C(C(O2)OS(=O)(=O)O)OS(=O)(=O)O)OS(=O)(=O)O)COS(=O)(=O)O)OS(=O)(=O)O)OS(=O)(=O)O)OS(=O)(=O)O)OS(=O)(=O)O,1
CCC(=O)N(c1ccccc1)C2(CCN(CC2)CCc3cccs3)COC,0
CC(=O)NS(=O)(=O)c1ccc(cc1)N,0
CCn1ccc(nc1=O)NS(=O)(=O)c2ccc(cc2)N,1
Cc1nnc(s1)NS(=O)(=O)c2ccc(cc2)N,1
c1ccc(cc1)N2C(=O)C(C(=O)N2c3ccccc3)CCS(=O)c4ccccc4,0
Cc1c(noc1NS(=O)(=O)c2ccc(cc2)N)C,1
CC1=C(c2cc(ccc2C1=Cc3ccc(cc3)S(=O)C)F)CC(=O)O,1
CCN1CCCC1CNC(=O)c2cc(ccc2OC)S(=O)(=O)N,1
CCN(CC)CCNC(=O)c1c(c([nH]c1C)C=C2c3cc(ccc3NC2=O)F)C,1
c1ccc2c(c1)c(c3c(n2)CCCC3)N,1
CC1CC(C2C(CC(C(O2)(C(=O)C(=O)N3CCCCC3C(=O)OC(C(C(CC(=O)C(C=C(C1)C)CC=C)O)C)C(=CC4CCC(C(C4)OC)O)C)O)C)OC)OC,1
CC(C)(C)NCC(COc1ccc(cc1)NC(=O)NC2CCCCC2)O,1
CCC(=C(c1ccccc1)c2ccc(cc2)OCCN(C)C)c3ccccc3,1
CCOc1ccccc1OCCNC(C)Cc2ccc(c(c2)S(=O)(=O)N)OC,0
CCC(c1cccc(c1)O)C(C)CN(C)C,1
CCOC(=O)c1ccc(nc1)C#Cc2ccc3c(c2)C(CCS3)(C)C,0
CCOCCP(CCOCC)CCP(CCOCC)CCOCC,0
CCCCCN=C(N)NNC=C1C=Nc2c1cc(cc2)CO,1
Cc1cn(c(=O)[nH]c1=O)C2CC(C(O2)CO)O,1
CCC1C2(C(C(C(=O)C(CC(C(C(C(=O)C(C(=O)O1)C)C)OC3C(C(CC(O3)C)N(C)C)O)(C)OC)C)C)N(C(=O)O2)CCCCn4cc(nc4)c5cccnc5)C,1
CCCc1nc2c(cc(cc2n1Cc3ccc(cc3)c4ccccc4C(=O)O)c5nc6ccccc6n5C)C,1
CC1(C(N2C(S1)C(C2=O)(NC(=O)C(c3ccsc3)C(=O)O)OC)C(=O)O)C,0
Cn1c(=O)n2cnc(c2nn1)C(=O)N,1
CC1CCC2CC(C(=CC=CC=CC(CC(C(=O)C(C(C(=CC(C(=O)CC(OC(=O)C3CCCCN3C(=O)C(=O)C1(O2)O)C(C)CC4CCC(C(C4)OC)OC(=O)C(C)(CO)CO)C)C)O)OC)C)C)C)OC,1
c1cc(sc1)C(=O)c2c3cc(ccc3n(c2O)C(=O)N)Cl,1
COc1cc(cc(c1O)OC)C2c3cc4c(cc3C(C5C2C(=O)OC5)OC6C(C(C7C(O6)COC(O7)c8cccs8)O)O)OCO4,1
CC(C)OC(=O)OCOP(=O)(COC(C)Cn1cnc2c1ncnc2N)OCOC(=O)OC(C)C,1
CN1C(=C(Nc2ccccn2)O)C(=O)c3c(ccs3)S1(=O)=O,1
COc1cc2c(cc1OC)nc(nc2N)N3CCN(CC3)C(=O)C4CCCO4,0
CC(C)(C)NCC(c1cc(cc(c1)O)O)O,1
CC(C)(C)NCC(COc1cccc2c1SCCC2)O,0
CC12CCC3C(C1CCC(=O)O2)CCC4=CC(=O)C=CC34C,0
CC12CCC3C(C1CCC2O)CCC4=CC(=O)CCC34C,1
CC(C)CC1CN2CCc3cc(c(cc3C2CC1=O)OC)OC,0
C(=C(Cl)Cl)(Cl)Cl,1
CC1(c2cccc(c2C(=C3C1CC4C(C(=O)C(=C(N)O)C(=O)C4(C3=O)O)N(C)C)O)O)O,1
c1ccc2c(c1)CCCC2C3=NCCN3,0
c1ccc2c(c1)C(=O)N(C2=O)C3CCC(=O)NC3=O,1
c1ccc2c(c1)[nH]c(n2)c3cscn3,1
CCSc1ccc2c(c1)N(c3ccccc3S2)CCCN4CCN(CC4)C,1
c1[nH]c2c(n1)[nH]c(nc2=S)N,1
CCCC(C)C1(C(=O)NC(=S)NC1=O)CC,1
c1ccc(cc1)S,1
C1CN1P(=S)(N2CC2)N3CC3,0
CN1CCN(CC1)CCC=C2c3ccccc3Sc4c2cc(cc4)S(=O)(=O)N(C)C,1
c1c([nH]cn1)CC(C(=O)N2CCCC2C(=O)N)NC(=O)C3CCC(=O)N3,0
c1c([nH]cn1)CC(C(=O)N2CCCC2C(=O)N)NC(=O)C3CCC(=O)N3,0
Cc1ccsc1C(=CCCN2CCCC(C2)C(=O)O)c3c(ccs3)C,0
CC(c1ccc(s1)C(=O)c2ccccc2)C(=O)O,1
CC1CC2=C(CCC(=O)C2)C3C1C4CCC(C4(CC3)C)(C#C)O,0
CC1(C(N2C(S1)C(C2=O)NC(=O)C(c3ccsc3)C(=O)O)C(=O)O)C,0
c1ccc(c(c1)CN2CCc3c(ccs3)C2)Cl,1
CC(C)(C)NCC(=O)Nc1cc(c2c(c1O)C(=C3C(C2)CC4C(C(=O)C(=C(N)O)C(=O)C4(C3=O)O)N(C)C)O)N(C)C,1
c1cc(ccc1SC(P(=O)(O)O)P(=O)(O)O)Cl,0
CC(C)(C)NCC(COc1c(nsn1)N2CCOCC2)O,0
c1cc(c(cc1Cl)Cl)C(Cn2ccnc2)OCc3ccsc3Cl,0
CC(C(=O)NCC(=O)O)S,1
C[N+]1(C2CC(CC1C3C2O3)OC(=O)C(c4cccs4)(c5cccs5)O)C,0
CC1CC2C3CCC4=CC(=O)C=CC4(C3=CCC2(C1C(=O)CN5CCN(CC5)c6cc(nc(n6)N7CCCC7)N8CCCC8)C)C,1
CCCCS(=O)(=O)NC(Cc1ccc(cc1)OCCCCC2CCNCC2)C(=O)O,0
c1cc(c(c2c1nsn2)NC3=NCCN3)Cl,1
Cc1ccc(cc1)S(=O)(=O)NC(=O)NN2CCCCCC2,1
c1ccc(cc1)CC2=NCCN2,1
CCCCNC(=O)NS(=O)(=O)c1ccc(cc1)C,1
Cc1ccc(c(c1)C(CCN(C(C)C)C(C)C)c2ccccc2)O,1
CC1(OC2COC3(C(C2O1)OC(O3)(C)C)COS(=O)(=O)N)C,1
CCC1(c2cc-3n(c(=O)c2COC1=O)Cc4c3nc5ccc(c(c5c4)CN(C)C)O)O,1
CN(C)CCOc1ccc(cc1)C(=C(CCCl)c2ccccc2)c3ccccc3,1
Cc1cccc(c1)Nc2ccncc2S(=O)(=O)NC(=O)NC(C)C,0
CN(C)CC1CCCCC1(c2cccc(c2)OC)O,1
CCOC(=O)C(CCc1ccccc1)NC(C)C(=O)N2C3CCCCC3CC2C(=O)O,0
C1CC(CCC1CN)C(=O)O,0
COc1ccc(cc1OC)C=CC(=O)Nc2ccccc2C(=O)O,1
CC(C)OC(=O)CCCC=CCC1C(CC(C1C=CC(COc2cccc(c2)C(F)(F)F)O)O)O,0
c1ccn2c(c1)nn(c2=O)CCCN3CCN(CC3)c4cccc(c4)Cl,1
CCCCCC(CCC1C2Cc3cccc(c3CC2CC1O)OCC(=O)O)O,0
CC1=C(C(CCC1)(C)C)C=CC(=CC=CC(=CC(=O)O)C)C,1
CC1=C(C(CCC1)(C)C)C=CC(=CC=CC(=CC(=O)O)C)C,1
CC1=C(C(CCC1)(C)C)C=CC(=CC=CC(=CC(=O)O)C)C,1
Cc1nnc2n1-c3ccc(cc3C(=NC2)c4ccccc4Cl)Cl,1
C(=C(Cl)Cl)Cl,1
CC[N+](CC)(CC)CCC(c1ccccc1)(C2CCCCC2)O,0
C(CNCCNCCN)N,0
CN1CCN(CC1)CCCN2c3ccccc3Sc4c2cc(cc4)C(F)(F)F,1
c1c(c(=O)[nH]c(=O)n1C2CC(C(O2)CO)O)C(F)(F)F,0
c1ccc(cc1)C(CCN2CCCCC2)(C3CCCCC3)O,0
CC(CN1c2ccccc2Sc3c1cccc3)CN(C)C,1
CC1(C(=O)N(C(=O)O1)C)C,1
c1ccc(cc1)CN2C3C[S+]4CCCC4C3N(C2=O)Cc5ccccc5,0
CN(C)CCOc1ccc(cc1)CNC(=O)c2cc(c(c(c2)OC)OC)OC,1
COc1cc(cc(c1OC)OC)Cc2cnc(nc2N)N,1
Cc1c(ccc2c1c(nc(n2)N)N)CNc3cc(c(c(c3)OC)OC)OC,1
CC(CN1c2ccccc2CCc3c1cccc3)CN(C)C,1
Cc1cc(=O)oc2c1cc3cc(oc3c2C)C,0
CN(C)CCN(Cc1ccccc1)c2ccccn2,0
Cc1ccc(cc1)C(=CCN2CCCC2)c3ccccn3,0
CC1CC(C(C(O1)OC2C(CC3(CO3)C(=O)C(C(C(C(OC(=O)C(C(C2C)OC4CC(C(C(O4)C)OC(=O)C)OC)C)C)C)OC(=O)C)C)C)OC(=O)C)N(C)C,1
C(C(CO)(CO)N)O,1
CCN(Cc1ccncc1)C(=O)C(CO)c2ccccc2,0
c1ccc(cc1)C(c2ccccc2)(C(=O)OC3CC4CCC(C3)[N+]45CCCC5)O,0
Cc1cc(ccc1NN=C2C(=Cc3cc(cc(c3C2=O)N)S(=O)(=O)O)S(=O)(=O)O)c4ccc(c(c4)C)NN=C5C(=Cc6cc(cc(c6C5=O)N)S(=O)(=O)O)S(=O)(=O)O,0
CCCC(=O)Nc1c(cc(c(c1I)CC(CC)C(=O)O)I)I,0
CCCCCCCC(=O)CCC1C(CC(C1CC=CCCCC(=O)O)O)O,0
CCC(C)C1C(=O)NC(C(=O)NC(C(=O)NC(CSSCC(C(=O)NC(C(=O)N1)Cc2ccc(cc2)O)N)C(=O)N3CCCC3C(=O)NC(CC(C)C)C(=O)NCC(=O)N)CC(=O)N)C(C)O,0
Cc1c(c(c2c(c1O)C3(C(=CC(=O)C(C3=O)C(=O)C)O2)C)C(=O)C)O,1
CC(C)C(C(=O)OCCOCn1cnc2c1[nH]c(nc2=O)N)N,1
CC(C)C(C(=O)OCC(CO)OCn1cnc2c1[nH]c(nc2=O)N)N,0
CCCCC(=O)OCC(=O)C1(Cc2c(c(c3c(c2O)C(=O)c4cccc(c4C3=O)OC)O)C(C1)OC5CC(C(C(O5)C)O)NC(=O)C(F)(F)F)O,0
CCCCC(=O)N(Cc1ccc(cc1)c2ccccc2c3n[nH]nn3)C(C(C)C)C(=O)O,1
CCCc1nc(c2n1[nH]c(nc2=O)c3cc(ccc3OCC)S(=O)(=O)N4CCN(CC4)CC)C,1
c1cnc2cc3c(cc2n1)C4CC3CNC4,0
CC(=O)OC1CC2CCC3C(C2(CC1N4CCCCC4)C)CCC5(C3CC(C5OC(=O)C)[N+]6(CCCCC6)C)C,0
CN(C)CC(c1ccc(cc1)OC)C2(CCCCC2)O,1
Cc1c2cc3nc(cc4c(c(c([nH]4)cc5nc(cc(c1CCC(=O)OC)[nH]2)C(=C5C)CCC(=O)O)C=C)C)C6=CC=C(C(C36C)C(=O)OC)C(=O)OC,1
COc1ccc(cc1OC)C(=O)N2CCN(CC2)c3ccc4c(c3)CCC(=O)N4,1
C=CC(CCC(=O)O)N,1
CCC1(CC2CC(c3c(c4ccccc4[nH]3)CCN(C2)C1)(c5cc6c(cc5OC)N(C7C68CCN9C8C(C=CC9)(C(C7(C(=O)OC)O)OC(=O)C)CC)C)C(=O)OC)O,1
CCC1(CC2CC(c3c(c4ccccc4[nH]3)CCN(C2)C1)(c5cc6c(cc5OC)N(C7C68CCN9C8C(C=CC9)(C(C7(C(=O)OC)O)OC(=O)C)CC)C=O)C(=O)OC)O,1
CCC1=CC2CC(c3c(c4ccccc4[nH]3)CN(C2)C1)(c5cc6c(cc5OC)N(C7C68CCN9C8C(C=CC9)(C(C7(C(=O)OC)O)OC(=O)C)CC)C)C(=O)OC,1
C=C(Cl)Cl,1
CC1=C(C(CCC1)(C)C)C=CC(=CC=CC(=CCO)C)C,1
CC(C)CCCC(C)C1CCC2C1(CCCC2=CC=C3CC(CCC3=C)O)C,0
C1C(C(C(C(C1(CO)O)O)O)O)NC(CO)CO,1
CC(c1c(cncn1)F)C(Cn2cncn2)(c3ccc(cc3F)F)O,1
c1ccc(cc1)NC(=O)CCCCCCC(=O)NO,0
CC(=O)CC(c1ccccc1)c2c(=O)c3ccccc3oc2O,1
CCCCCCOc1c(nsn1)C2=CCCN(C2)C,1
C1C(C(C(C(O1)O)O)O)O,0
Cc1ccccc1S(=O)(=O)NC(=O)c2ccc(c(c2)OC)Cc3cn(c4c3cc(cc4)NC(=O)OC5CCCC5)C,1
c1cn(c(=O)nc1N)C2CCC(O2)CO,1
CCN(c1cccc(c1)c2ccnc3n2ncc3C#N)C(=O)C,0
CC(=O)NC1C(C=C(OC1C(C(CO)O)O)C(=O)O)N=C(N)N,0
Cc1cn(c(=O)[nH]c1=O)C2CC(C(O2)CO)N=N#N,1
c1ccc2c(c1)c(ns2)N3CCN(CC3)CCc4cc5c(cc4Cl)NC(=O)C5,1
CC(CSC(=O)c1ccccc1)C(=O)N2CC(CC2C(=O)O)Sc3ccccc3,1
CN(C)CCc1c[nH]c2c1cc(cc2)CC3COC(=O)N3,0
Cc1ccc(cc1)c2c(n3cc(ccc3n2)C)CC(=O)N(C)C,1
c1ccc2c(c1)c(no2)CS(=O)(=O)N,1
CN1CCN(CC1)C(=O)OC2c3c(nccn3)C(=O)N2c4ccc(cn4)Cl,0
CN1CCN(CC1)C(=O)OC2c3c(nccn3)C(=O)N2c4ccc(cn4)Cl,0